city_id,city_name,year,category,item_name,price,unit,is_essential
001,北京,1980,food,粳米,0.14,500g,TRUE
001,北京,1980,food,大豆油,4.2,5L,TRUE
001,北京,1980,food,精瘦肉,0.98,500g,TRUE
001,北京,1980,clothing,棉质T恤,3.5,件,TRUE
001,北京,1980,food,330ml啤酒,0.35,听,FALSE
001,北京,1980,food,500ml五粮液,3.7,瓶,FALSE
001,北京,1980,income,月平均工资,68,元/月,TRUE
001,北京,1980,service,理发,0.25,次,TRUE
001,北京,1981,food,粳米,0.15,500g,TRUE
001,北京,1981,food,大豆油,4.2,5L,TRUE
001,北京,1981,food,精瘦肉,1.1,500g,TRUE
001,北京,1981,clothing,棉质T恤,3.8,件,TRUE
001,北京,1981,food,330ml啤酒,0.35,听,FALSE
001,北京,1981,food,500ml五粮液,4.5,瓶,FALSE
001,北京,1981,income,月平均工资,72,元/月,TRUE
001,北京,1981,service,理发,0.25,次,TRUE
001,北京,1982,food,粳米,0.15,500g,TRUE
001,北京,1982,food,大豆油,4.3,5L,TRUE
001,北京,1982,food,精瘦肉,1.15,500g,TRUE
001,北京,1982,clothing,棉质T恤,4,件,TRUE
001,北京,1982,food,330ml啤酒,0.38,听,FALSE
001,北京,1982,food,500ml五粮液,5,瓶,FALSE
001,北京,1982,income,月平均工资,75,元/月,TRUE
001,北京,1982,service,理发,0.3,次,TRUE
001,北京,1983,food,粳米,0.16,500g,TRUE
001,北京,1983,food,大豆油,4.3,5L,TRUE
001,北京,1983,food,精瘦肉,1.2,500g,TRUE
001,北京,1983,clothing,棉质T恤,4.2,件,TRUE
001,北京,1983,food,330ml啤酒,0.4,听,FALSE
001,北京,1983,food,500ml五粮液,5.5,瓶,FALSE
001,北京,1983,income,月平均工资,78,元/月,TRUE
001,北京,1983,service,理发,0.35,次,TRUE
001,北京,1984,food,粳米,0.17,500g,TRUE
001,北京,1984,food,大豆油,4.5,5L,TRUE
001,北京,1984,food,精瘦肉,1.25,500g,TRUE
001,北京,1984,clothing,棉质T恤,4.5,件,TRUE
001,北京,1984,food,330ml啤酒,0.4,听,FALSE
001,北京,1984,food,500ml五粮液,6.5,瓶,FALSE
001,北京,1984,income,月平均工资,88,元/月,TRUE
001,北京,1984,service,理发,0.4,次,TRUE
001,北京,1985,food,粳米,0.18,500g,TRUE
001,北京,1985,food,大豆油,4.8,5L,TRUE
001,北京,1985,food,精瘦肉,1.6,500g,TRUE
001,北京,1985,clothing,棉质T恤,5.5,件,TRUE
001,北京,1985,food,330ml啤酒,0.45,听,FALSE
001,北京,1985,food,500ml五粮液,9,瓶,FALSE
001,北京,1985,income,月平均工资,112,元/月,TRUE
001,北京,1985,service,理发,0.5,次,TRUE
001,北京,1986,food,粳米,0.2,500g,TRUE
001,北京,1986,food,大豆油,5.2,5L,TRUE
001,北京,1986,food,精瘦肉,1.8,500g,TRUE
001,北京,1986,clothing,棉质T恤,6.5,件,TRUE
001,北京,1986,food,330ml啤酒,0.5,听,FALSE
001,北京,1986,food,500ml五粮液,12,瓶,FALSE
001,北京,1986,income,月平均工资,125,元/月,TRUE
001,北京,1986,service,理发,0.6,次,TRUE
001,北京,1987,food,粳米,0.22,500g,TRUE
001,北京,1987,food,大豆油,5.5,5L,TRUE
001,北京,1987,food,精瘦肉,2.1,500g,TRUE
001,北京,1987,clothing,棉质T恤,8,件,TRUE
001,北京,1987,food,330ml啤酒,0.55,听,FALSE
001,北京,1987,food,500ml五粮液,18,瓶,FALSE
001,北京,1987,income,月平均工资,138,元/月,TRUE
001,北京,1987,service,理发,0.8,次,TRUE
001,北京,1988,food,粳米,0.28,500g,TRUE
001,北京,1988,food,大豆油,8.5,5L,TRUE
001,北京,1988,food,精瘦肉,3.5,500g,TRUE
001,北京,1988,clothing,棉质T恤,12,件,TRUE
001,北京,1988,food,330ml啤酒,0.7,听,FALSE
001,北京,1988,food,500ml五粮液,80,瓶,FALSE
001,北京,1988,income,月平均工资,165,元/月,TRUE
001,北京,1988,service,理发,1.2,次,TRUE
001,北京,1989,food,粳米,0.35,500g,TRUE
001,北京,1989,food,大豆油,10,5L,TRUE
001,北京,1989,food,精瘦肉,4.2,500g,TRUE
001,北京,1989,clothing,棉质T恤,15,件,TRUE
001,北京,1989,food,330ml啤酒,0.9,听,FALSE
001,北京,1989,food,500ml五粮液,120,瓶,FALSE
001,北京,1989,income,月平均工资,198,元/月,TRUE
001,北京,1989,service,理发,1.5,次,TRUE
001,北京,1990,food,粳米,0.4,500g,TRUE
001,北京,1990,food,大豆油,11,5L,TRUE
001,北京,1990,food,精瘦肉,4.5,500g,TRUE
001,北京,1990,clothing,棉质T恤,18,件,TRUE
001,北京,1990,food,330ml啤酒,1,听,FALSE
001,北京,1990,food,500ml五粮液,135,瓶,FALSE
001,北京,1990,income,月平均工资,221,元/月,TRUE
001,北京,1990,service,理发,2.0,次,TRUE
001,北京,1991,food,粳米,0.45,500g,TRUE
001,北京,1991,food,大豆油,12.5,5L,TRUE
001,北京,1991,food,精瘦肉,4.8,500g,TRUE
001,北京,1991,clothing,棉质T恤,20,件,TRUE
001,北京,1991,food,330ml啤酒,1.1,听,FALSE
001,北京,1991,food,500ml五粮液,150,瓶,FALSE
001,北京,1991,income,月平均工资,238,元/月,TRUE
001,北京,1991,service,理发,2.5,次,TRUE
001,北京,1992,food,粳米,0.6,500g,TRUE
001,北京,1992,food,大豆油,15,5L,TRUE
001,北京,1992,food,精瘦肉,5.5,500g,TRUE
001,北京,1992,clothing,棉质T恤,22,件,TRUE
001,北京,1992,food,330ml啤酒,1.2,听,FALSE
001,北京,1992,food,500ml五粮液,170,瓶,FALSE
001,北京,1992,income,月平均工资,250,元/月,TRUE
001,北京,1992,service,理发,3.0,次,TRUE
001,北京,1993,food,粳米,0.85,500g,TRUE
001,北京,1993,food,大豆油,18.5,5L,TRUE
001,北京,1993,food,精瘦肉,7.5,500g,TRUE
001,北京,1993,clothing,棉质T恤,25,件,TRUE
001,北京,1993,food,330ml啤酒,1.4,听,FALSE
001,北京,1993,food,500ml五粮液,190,瓶,FALSE
001,北京,1993,income,月平均工资,350,元/月,TRUE
001,北京,1993,service,理发,4.0,次,TRUE
001,北京,1994,food,粳米,1.2,500g,TRUE
001,北京,1994,food,大豆油,25,5L,TRUE
001,北京,1994,food,精瘦肉,10.5,500g,TRUE
001,北京,1994,clothing,棉质T恤,30,件,TRUE
001,北京,1994,food,330ml啤酒,1.6,听,FALSE
001,北京,1994,food,500ml五粮液,240,瓶,FALSE
001,北京,1994,income,月平均工资,550,元/月,TRUE
001,北京,1994,service,理发,6.0,次,TRUE
001,北京,1995,food,粳米,1.5,500g,TRUE
001,北京,1995,food,大豆油,32,5L,TRUE
001,北京,1995,food,精瘦肉,12,500g,TRUE
001,北京,1995,clothing,棉质T恤,35,件,TRUE
001,北京,1995,food,330ml啤酒,1.8,听,FALSE
001,北京,1995,food,500ml五粮液,280,瓶,FALSE
001,北京,1995,income,月平均工资,677,元/月,TRUE
001,北京,1995,service,理发,8.0,次,TRUE
001,北京,1996,food,粳米,1.65,500g,TRUE
001,北京,1996,food,大豆油,30,5L,TRUE
001,北京,1996,food,精瘦肉,11.5,500g,TRUE
001,北京,1996,clothing,棉质T恤,38,件,TRUE
001,北京,1996,food,330ml啤酒,1.8,听,FALSE
001,北京,1996,food,500ml五粮液,300,瓶,FALSE
001,北京,1996,income,月平均工资,780,元/月,TRUE
001,北京,1996,service,理发,9.0,次,TRUE
001,北京,1997,food,粳米,1.6,500g,TRUE
001,北京,1997,food,大豆油,28,5L,TRUE
001,北京,1997,food,精瘦肉,11,500g,TRUE
001,北京,1997,clothing,棉质T恤,40,件,TRUE
001,北京,1997,food,330ml啤酒,1.8,听,FALSE
001,北京,1997,food,500ml五粮液,320,瓶,FALSE
001,北京,1997,income,月平均工资,850,元/月,TRUE
001,北京,1997,service,理发,10.0,次,TRUE
001,北京,1998,food,粳米,1.55,500g,TRUE
001,北京,1998,food,大豆油,26,5L,TRUE
001,北京,1998,food,精瘦肉,10,500g,TRUE
001,北京,1998,clothing,棉质T恤,42,件,TRUE
001,北京,1998,food,330ml啤酒,1.8,听,FALSE
001,北京,1998,food,500ml五粮液,340,瓶,FALSE
001,北京,1998,income,月平均工资,950,元/月,TRUE
001,北京,1998,service,理发,10.0,次,TRUE
001,北京,1999,food,粳米,1.5,500g,TRUE
001,北京,1999,food,大豆油,24,5L,TRUE
001,北京,1999,food,精瘦肉,8.5,500g,TRUE
001,北京,1999,clothing,棉质T恤,40,件,TRUE
001,北京,1999,food,330ml啤酒,1.8,听,FALSE
001,北京,1999,food,500ml五粮液,350,瓶,FALSE
001,北京,1999,income,月平均工资,1100,元/月,TRUE
001,北京,1999,service,理发,10.0,次,TRUE
001,北京,2000,food,粳米,1.45,500g,TRUE
001,北京,2000,food,大豆油,22.5,5L,TRUE
001,北京,2000,food,精瘦肉,8,500g,TRUE
001,北京,2000,clothing,棉质T恤,40,件,TRUE
001,北京,2000,food,330ml啤酒,1.8,听,FALSE
001,北京,2000,food,500ml五粮液,350,瓶,FALSE
001,北京,2000,income,月平均工资,1310,元/月,TRUE
001,北京,2000,service,理发,12.0,次,TRUE
001,北京,2001,food,粳米,1.4,500g,TRUE
001,北京,2001,food,大豆油,21,5L,TRUE
001,北京,2001,food,精瘦肉,8.2,500g,TRUE
001,北京,2001,clothing,棉质T恤,42,件,TRUE
001,北京,2001,food,330ml啤酒,1.9,听,FALSE
001,北京,2001,food,500ml五粮液,360,瓶,FALSE
001,北京,2001,income,月平均工资,1500,元/月,TRUE
001,北京,2001,service,理发,12.0,次,TRUE
001,北京,2002,food,粳米,1.45,500g,TRUE
001,北京,2002,food,大豆油,25,5L,TRUE
001,北京,2002,food,精瘦肉,8.5,500g,TRUE
001,北京,2002,clothing,棉质T恤,45,件,TRUE
001,北京,2002,food,330ml啤酒,2,听,FALSE
001,北京,2002,food,500ml五粮液,380,瓶,FALSE
001,北京,2002,income,月平均工资,1800,元/月,TRUE
001,北京,2002,service,理发,15.0,次,TRUE
001,北京,2003,food,粳米,1.6,500g,TRUE
001,北京,2003,food,大豆油,32,5L,TRUE
001,北京,2003,food,精瘦肉,9.5,500g,TRUE
001,北京,2003,clothing,棉质T恤,45,件,TRUE
001,北京,2003,food,330ml啤酒,2,听,FALSE
001,北京,2003,food,500ml五粮液,400,瓶,FALSE
001,北京,2003,income,月平均工资,2100,元/月,TRUE
001,北京,2003,service,理发,15.0,次,TRUE
001,北京,2004,food,粳米,1.85,500g,TRUE
001,北京,2004,food,大豆油,45,5L,TRUE
001,北京,2004,food,精瘦肉,12.5,500g,TRUE
001,北京,2004,clothing,棉质T恤,48,件,TRUE
001,北京,2004,food,330ml啤酒,2.2,听,FALSE
001,北京,2004,food,500ml五粮液,420,瓶,FALSE
001,北京,2004,income,月平均工资,2400,元/月,TRUE
001,北京,2004,service,理发,18.0,次,TRUE
001,北京,2005,food,粳米,1.9,500g,TRUE
001,北京,2005,food,大豆油,42,5L,TRUE
001,北京,2005,food,精瘦肉,11,500g,TRUE
001,北京,2005,clothing,棉质T恤,50,件,TRUE
001,北京,2005,food,330ml啤酒,2.3,听,FALSE
001,北京,2005,food,500ml五粮液,450,瓶,FALSE
001,北京,2005,income,月平均工资,2734,元/月,TRUE
001,北京,2005,service,理发,20.0,次,TRUE
001,北京,2006,food,粳米,2,500g,TRUE
001,北京,2006,food,大豆油,44,5L,TRUE
001,北京,2006,food,精瘦肉,10.5,500g,TRUE
001,北京,2006,clothing,棉质T恤,50,件,TRUE
001,北京,2006,food,330ml啤酒,2.5,听,FALSE
001,北京,2006,food,500ml五粮液,480,瓶,FALSE
001,北京,2006,income,月平均工资,3100,元/月,TRUE
001,北京,2006,service,理发,20.0,次,TRUE
001,北京,2007,food,粳米,2.2,500g,TRUE
001,北京,2007,food,大豆油,58,5L,TRUE
001,北京,2007,food,精瘦肉,15.5,500g,TRUE
001,北京,2007,clothing,棉质T恤,55,件,TRUE
001,北京,2007,food,330ml啤酒,2.8,听,FALSE
001,北京,2007,food,500ml五粮液,520,瓶,FALSE
001,北京,2007,income,月平均工资,3400,元/月,TRUE
001,北京,2007,service,理发,25.0,次,TRUE
001,北京,2008,food,粳米,2.4,500g,TRUE
001,北京,2008,food,大豆油,75,5L,TRUE
001,北京,2008,food,精瘦肉,18,500g,TRUE
001,北京,2008,clothing,棉质T恤,60,件,TRUE
001,北京,2008,food,330ml啤酒,3,听,FALSE
001,北京,2008,food,500ml五粮液,580,瓶,FALSE
001,北京,2008,income,月平均工资,3800,元/月,TRUE
001,北京,2008,service,理发,25.0,次,TRUE
001,北京,2009,food,粳米,2.5,500g,TRUE
001,北京,2009,food,大豆油,55,5L,TRUE
001,北京,2009,food,精瘦肉,13.5,500g,TRUE
001,北京,2009,clothing,棉质T恤,60,件,TRUE
001,北京,2009,food,330ml啤酒,3,听,FALSE
001,北京,2009,food,500ml五粮液,650,瓶,FALSE
001,北京,2009,income,月平均工资,4000,元/月,TRUE
001,北京,2009,service,理发,25.0,次,TRUE
001,北京,2010,food,粳米,2.8,500g,TRUE
001,北京,2010,food,大豆油,60,5L,TRUE
001,北京,2010,food,精瘦肉,15,500g,TRUE
001,北京,2010,clothing,棉质T恤,65,件,TRUE
001,北京,2010,food,330ml啤酒,3.2,听,FALSE
001,北京,2010,food,500ml五粮液,780,瓶,FALSE
001,北京,2010,income,月平均工资,4201,元/月,TRUE
001,北京,2010,service,理发,30.0,次,TRUE
001,北京,2011,food,粳米,3.1,500g,TRUE
001,北京,2011,food,大豆油,68,5L,TRUE
001,北京,2011,food,精瘦肉,19.5,500g,TRUE
001,北京,2011,clothing,棉质T恤,70,件,TRUE
001,北京,2011,food,330ml啤酒,3.5,听,FALSE
001,北京,2011,food,500ml五粮液,900,瓶,FALSE
001,北京,2011,income,月平均工资,4800,元/月,TRUE
001,北京,2011,service,理发,30.0,次,TRUE
001,北京,2012,food,粳米,3.2,500g,TRUE
001,北京,2012,food,大豆油,72,5L,TRUE
001,北京,2012,food,精瘦肉,18,500g,TRUE
001,北京,2012,clothing,棉质T恤,75,件,TRUE
001,北京,2012,food,330ml啤酒,3.5,听,FALSE
001,北京,2012,food,500ml五粮液,1100,瓶,FALSE
001,北京,2012,income,月平均工资,5200,元/月,TRUE
001,北京,2012,service,理发,35.0,次,TRUE
001,北京,2013,food,粳米,3.3,500g,TRUE
001,北京,2013,food,大豆油,70,5L,TRUE
001,北京,2013,food,精瘦肉,17.5,500g,TRUE
001,北京,2013,clothing,棉质T恤,75,件,TRUE
001,北京,2013,food,330ml啤酒,3.8,听,FALSE
001,北京,2013,food,500ml五粮液,950,瓶,FALSE
001,北京,2013,income,月平均工资,5800,元/月,TRUE
001,北京,2013,service,理发,35.0,次,TRUE
001,北京,2014,food,粳米,3.4,500g,TRUE
001,北京,2014,food,大豆油,65,5L,TRUE
001,北京,2014,food,精瘦肉,16.5,500g,TRUE
001,北京,2014,clothing,棉质T恤,80,件,TRUE
001,北京,2014,food,330ml啤酒,4,听,FALSE
001,北京,2014,food,500ml五粮液,700,瓶,FALSE
001,北京,2014,income,月平均工资,6500,元/月,TRUE
001,北京,2014,service,理发,35.0,次,TRUE
001,北京,2015,food,粳米,3.4,500g,TRUE
001,北京,2015,food,大豆油,60,5L,TRUE
001,北京,2015,food,精瘦肉,18,500g,TRUE
001,北京,2015,clothing,棉质T恤,80,件,TRUE
001,北京,2015,food,330ml啤酒,4,听,FALSE
001,北京,2015,food,500ml五粮液,650,瓶,FALSE
001,北京,2015,income,月平均工资,7086,元/月,TRUE
001,北京,2015,service,理发,40.0,次,TRUE
001,北京,2016,food,粳米,3.45,500g,TRUE
001,北京,2016,food,大豆油,62,5L,TRUE
001,北京,2016,food,精瘦肉,21,500g,TRUE
001,北京,2016,clothing,棉质T恤,85,件,TRUE
001,北京,2016,food,330ml啤酒,4.2,听,FALSE
001,北京,2016,food,500ml五粮液,750,瓶,FALSE
001,北京,2016,income,月平均工资,7700,元/月,TRUE
001,北京,2016,service,理发,40.0,次,TRUE
001,北京,2017,food,粳米,3.5,500g,TRUE
001,北京,2017,food,大豆油,64,5L,TRUE
001,北京,2017,food,精瘦肉,19,500g,TRUE
001,北京,2017,clothing,棉质T恤,85,件,TRUE
001,北京,2017,food,330ml啤酒,4.5,听,FALSE
001,北京,2017,food,500ml五粮液,850,瓶,FALSE
001,北京,2017,income,月平均工资,8400,元/月,TRUE
001,北京,2017,service,理发,45.0,次,TRUE
001,北京,2018,food,粳米,3.55,500g,TRUE
001,北京,2018,food,大豆油,62,5L,TRUE
001,北京,2018,food,精瘦肉,17.5,500g,TRUE
001,北京,2018,clothing,棉质T恤,90,件,TRUE
001,北京,2018,food,330ml啤酒,4.5,听,FALSE
001,北京,2018,food,500ml五粮液,950,瓶,FALSE
001,北京,2018,income,月平均工资,9400,元/月,TRUE
001,北京,2018,service,理发,45.0,次,TRUE
001,北京,2019,food,粳米,3.6,500g,TRUE
001,北京,2019,food,大豆油,65,5L,TRUE
001,北京,2019,food,精瘦肉,28,500g,TRUE
001,北京,2019,clothing,棉质T恤,90,件,TRUE
001,北京,2019,food,330ml啤酒,4.8,听,FALSE
001,北京,2019,food,500ml五粮液,1100,瓶,FALSE
001,北京,2019,income,月平均工资,10500,元/月,TRUE
001,北京,2019,service,理发,50.0,次,TRUE
001,北京,2020,food,粳米,3.7,500g,TRUE
001,北京,2020,food,大豆油,68,5L,TRUE
001,北京,2020,food,精瘦肉,35,500g,TRUE
001,北京,2020,clothing,棉质T恤,95,件,TRUE
001,北京,2020,food,330ml啤酒,5,听,FALSE
001,北京,2020,food,500ml五粮液,1200,瓶,FALSE
001,北京,2020,income,月平均工资,11241,元/月,TRUE
001,北京,2020,service,理发,50.0,次,TRUE
001,北京,2021,food,粳米,3.65,500g,TRUE
001,北京,2021,food,大豆油,75,5L,TRUE
001,北京,2021,food,精瘦肉,22,500g,TRUE
001,北京,2021,clothing,棉质T恤,95,件,TRUE
001,北京,2021,food,330ml啤酒,5,听,FALSE
001,北京,2021,food,500ml五粮液,1250,瓶,FALSE
001,北京,2021,income,月平均工资,11800,元/月,TRUE
001,北京,2021,service,理发,55.0,次,TRUE
001,北京,2022,food,粳米,3.8,500g,TRUE
001,北京,2022,food,大豆油,88,5L,TRUE
001,北京,2022,food,精瘦肉,24,500g,TRUE
001,北京,2022,clothing,棉质T恤,100,件,TRUE
001,北京,2022,food,330ml啤酒,5.5,听,FALSE
001,北京,2022,food,500ml五粮液,1300,瓶,FALSE
001,北京,2022,income,月平均工资,12300,元/月,TRUE
001,北京,2022,service,理发,55.0,次,TRUE
001,北京,2023,food,粳米,3.75,500g,TRUE
001,北京,2023,food,大豆油,78,5L,TRUE
001,北京,2023,food,精瘦肉,18.5,500g,TRUE
001,北京,2023,clothing,棉质T恤,95,件,TRUE
001,北京,2023,food,330ml啤酒,5.5,听,FALSE
001,北京,2023,food,500ml五粮液,1150,瓶,FALSE
001,北京,2023,income,月平均工资,13200,元/月,TRUE
001,北京,2023,service,理发,60.0,次,TRUE
001,北京,2024,food,粳米,3.6,500g,TRUE
001,北京,2024,food,大豆油,72,5L,TRUE
001,北京,2024,food,精瘦肉,17,500g,TRUE
001,北京,2024,clothing,棉质T恤,85,件,TRUE
001,北京,2024,food,330ml啤酒,5,听,FALSE
001,北京,2024,food,500ml五粮液,1050,瓶,FALSE
001,北京,2024,income,月平均工资,13500,元/月,TRUE
001,北京,2024,service,理发,60.0,次,TRUE
001,北京,2025,food,粳米,3.65,500g,TRUE
001,北京,2025,food,大豆油,74,5L,TRUE
001,北京,2025,food,精瘦肉,19.5,500g,TRUE
001,北京,2025,clothing,棉质T恤,90,件,TRUE
001,北京,2025,food,330ml啤酒,5.2,听,FALSE
001,北京,2025,food,500ml五粮液,1100,瓶,FALSE
001,北京,2025,income,月平均工资,13800,元/月,TRUE
001,北京,2025,service,理发,65.0,次,TRUE
002,上海,1980,income,月平均工资,75,元,TRUE
002,上海,1980,food,普通散装粳米,0.16,500g,TRUE
002,上海,1980,food,大豆油,4.30,5L,TRUE
002,上海,1980,food,猪肉精瘦肉,1.05,500g,TRUE
002,上海,1980,clothing,纯棉男士T恤,3.8,件,TRUE
002,上海,1980,food,330ml罐装啤酒,0.38,罐,FALSE
002,上海,1980,food,500ml五粮液,3.7,瓶,FALSE
002,上海,1981,income,月平均工资,80,元,TRUE
002,上海,1981,food,普通散装粳米,0.16,500g,TRUE
002,上海,1981,food,大豆油,4.30,5L,TRUE
002,上海,1981,food,猪肉精瘦肉,1.10,500g,TRUE
002,上海,1981,clothing,纯棉男士T恤,4.0,件,TRUE
002,上海,1981,food,330ml罐装啤酒,0.38,罐,FALSE
002,上海,1981,food,500ml五粮液,4.5,瓶,FALSE
002,上海,1982,income,月平均工资,82,元,TRUE
002,上海,1982,food,普通散装粳米,0.17,500g,TRUE
002,上海,1982,food,大豆油,4.40,5L,TRUE
002,上海,1982,food,猪肉精瘦肉,1.15,500g,TRUE
002,上海,1982,clothing,纯棉男士T恤,4.2,件,TRUE
002,上海,1982,food,330ml罐装啤酒,0.40,罐,FALSE
002,上海,1982,food,500ml五粮液,5.0,瓶,FALSE
002,上海,1983,income,月平均工资,88,元,TRUE
002,上海,1983,food,普通散装粳米,0.18,500g,TRUE
002,上海,1983,food,大豆油,4.40,5L,TRUE
002,上海,1983,food,猪肉精瘦肉,1.20,500g,TRUE
002,上海,1983,clothing,纯棉男士T恤,4.5,件,TRUE
002,上海,1983,food,330ml罐装啤酒,0.42,罐,FALSE
002,上海,1983,food,500ml五粮液,5.5,瓶,FALSE
002,上海,1984,income,月平均工资,105,元,TRUE
002,上海,1984,food,普通散装粳米,0.18,500g,TRUE
002,上海,1984,food,大豆油,4.60,5L,TRUE
002,上海,1984,food,猪肉精瘦肉,1.35,500g,TRUE
002,上海,1984,clothing,纯棉男士T恤,5.0,件,TRUE
002,上海,1984,food,330ml罐装啤酒,0.45,罐,FALSE
002,上海,1984,food,500ml五粮液,6.5,瓶,FALSE
002,上海,1985,income,月平均工资,128,元,TRUE
002,上海,1985,food,普通散装粳米,0.20,500g,TRUE
002,上海,1985,food,大豆油,5.00,5L,TRUE
002,上海,1985,food,猪肉精瘦肉,1.80,500g,TRUE
002,上海,1985,clothing,纯棉男士T恤,6.0,件,TRUE
002,上海,1985,food,330ml罐装啤酒,0.48,罐,FALSE
002,上海,1985,food,500ml五粮液,9.0,瓶,FALSE
002,上海,1986,income,月平均工资,145,元,TRUE
002,上海,1986,food,普通散装粳米,0.22,500g,TRUE
002,上海,1986,food,大豆油,5.50,5L,TRUE
002,上海,1986,food,猪肉精瘦肉,2.00,500g,TRUE
002,上海,1986,clothing,纯棉男士T恤,7.0,件,TRUE
002,上海,1986,food,330ml罐装啤酒,0.52,罐,FALSE
002,上海,1986,food,500ml五粮液,12.0,瓶,FALSE
002,上海,1987,income,月平均工资,162,元,TRUE
002,上海,1987,food,普通散装粳米,0.24,500g,TRUE
002,上海,1987,food,大豆油,6.00,5L,TRUE
002,上海,1987,food,猪肉精瘦肉,2.40,500g,TRUE
002,上海,1987,clothing,纯棉男士T恤,9.0,件,TRUE
002,上海,1987,food,330ml罐装啤酒,0.60,罐,FALSE
002,上海,1987,food,500ml五粮液,18.0,瓶,FALSE
002,上海,1988,income,月平均工资,195,元,TRUE
002,上海,1988,food,普通散装粳米,0.32,500g,TRUE
002,上海,1988,food,大豆油,9.50,5L,TRUE
002,上海,1988,food,猪肉精瘦肉,4.00,500g,TRUE
002,上海,1988,clothing,纯棉男士T恤,13.0,件,TRUE
002,上海,1988,food,330ml罐装啤酒,0.80,罐,FALSE
002,上海,1988,food,500ml五粮液,85.0,瓶,FALSE
002,上海,1989,income,月平均工资,220,元,TRUE
002,上海,1989,food,普通散装粳米,0.40,500g,TRUE
002,上海,1989,food,大豆油,11.00,5L,TRUE
002,上海,1989,food,猪肉精瘦肉,4.80,500g,TRUE
002,上海,1989,clothing,纯棉男士T恤,16.0,件,TRUE
002,上海,1989,food,330ml罐装啤酒,1.00,罐,FALSE
002,上海,1989,food,500ml五粮液,125.0,瓶,FALSE
002,上海,1990,income,月平均工资,245,元,TRUE
002,上海,1990,food,普通散装粳米,0.45,500g,TRUE
002,上海,1990,food,大豆油,12.00,5L,TRUE
002,上海,1990,food,猪肉精瘦肉,5.00,500g,TRUE
002,上海,1990,clothing,纯棉男士T恤,18.0,件,TRUE
002,上海,1990,food,330ml罐装啤酒,1.10,罐,FALSE
002,上海,1990,food,500ml五粮液,140.0,瓶,FALSE
002,上海,1991,income,月平均工资,285,元,TRUE
002,上海,1991,food,普通散装粳米,0.50,500g,TRUE
002,上海,1991,food,大豆油,13.50,5L,TRUE
002,上海,1991,food,猪肉精瘦肉,5.50,500g,TRUE
002,上海,1991,clothing,纯棉男士T恤,20.0,件,TRUE
002,上海,1991,food,330ml罐装啤酒,1.20,罐,FALSE
002,上海,1991,food,500ml五粮液,155.0,瓶,FALSE
002,上海,1992,income,月平均工资,356,元,TRUE
002,上海,1992,food,普通散装粳米,0.65,500g,TRUE
002,上海,1992,food,大豆油,16.00,5L,TRUE
002,上海,1992,food,猪肉精瘦肉,6.20,500g,TRUE
002,上海,1992,clothing,纯棉男士T恤,25.0,件,TRUE
002,上海,1992,food,330ml罐装啤酒,1.30,罐,FALSE
002,上海,1992,food,500ml五粮液,175.0,瓶,FALSE
002,上海,1993,income,月平均工资,495,元,TRUE
002,上海,1993,food,普通散装粳米,0.95,500g,TRUE
002,上海,1993,food,大豆油,20.00,5L,TRUE
002,上海,1993,food,猪肉精瘦肉,8.50,500g,TRUE
002,上海,1993,clothing,纯棉男士T恤,28.0,件,TRUE
002,上海,1993,food,330ml罐装啤酒,1.50,罐,FALSE
002,上海,1993,food,500ml五粮液,200.0,瓶,FALSE
002,上海,1994,income,月平均工资,616,元,TRUE
002,上海,1994,food,普通散装粳米,1.35,500g,TRUE
002,上海,1994,food,大豆油,28.00,5L,TRUE
002,上海,1994,food,猪肉精瘦肉,12.00,500g,TRUE
002,上海,1994,clothing,纯棉男士T恤,35.0,件,TRUE
002,上海,1994,food,330ml罐装啤酒,1.80,罐,FALSE
002,上海,1994,food,500ml五粮液,250.0,瓶,FALSE
002,上海,1995,income,月平均工资,750,元,TRUE
002,上海,1995,food,普通散装粳米,1.65,500g,TRUE
002,上海,1995,food,大豆油,34.00,5L,TRUE
002,上海,1995,food,猪肉精瘦肉,13.50,500g,TRUE
002,上海,1995,clothing,纯棉男士T恤,40.0,件,TRUE
002,上海,1995,food,330ml罐装啤酒,2.00,罐,FALSE
002,上海,1995,food,500ml五粮液,300.0,瓶,FALSE
002,上海,1996,income,月平均工资,885,元,TRUE
002,上海,1996,food,普通散装粳米,1.75,500g,TRUE
002,上海,1996,food,大豆油,32.00,5L,TRUE
002,上海,1996,food,猪肉精瘦肉,12.50,500g,TRUE
002,上海,1996,clothing,纯棉男士T恤,42.0,件,TRUE
002,上海,1996,food,330ml罐装啤酒,2.00,罐,FALSE
002,上海,1996,food,500ml五粮液,320.0,瓶,FALSE
002,上海,1997,income,月平均工资,955,元,TRUE
002,上海,1997,food,普通散装粳米,1.70,500g,TRUE
002,上海,1997,food,大豆油,30.00,5L,TRUE
002,上海,1997,food,猪肉精瘦肉,12.00,500g,TRUE
002,上海,1997,clothing,纯棉男士T恤,45.0,件,TRUE
002,上海,1997,food,330ml罐装啤酒,2.00,罐,FALSE
002,上海,1997,food,500ml五粮液,340.0,瓶,FALSE
002,上海,1998,income,月平均工资,1005,元,TRUE
002,上海,1998,food,普通散装粳米,1.65,500g,TRUE
002,上海,1998,food,大豆油,28.00,5L,TRUE
002,上海,1998,food,猪肉精瘦肉,11.00,500g,TRUE
002,上海,1998,clothing,纯棉男士T恤,45.0,件,TRUE
002,上海,1998,food,330ml罐装啤酒,2.00,罐,FALSE
002,上海,1998,food,500ml五粮液,350.0,瓶,FALSE
002,上海,1999,income,月平均工资,1185,元,TRUE
002,上海,1999,food,普通散装粳米,1.60,500g,TRUE
002,上海,1999,food,大豆油,26.00,5L,TRUE
002,上海,1999,food,猪肉精瘦肉,9.50,500g,TRUE
002,上海,1999,clothing,纯棉男士T恤,42.0,件,TRUE
002,上海,1999,food,330ml罐装啤酒,2.00,罐,FALSE
002,上海,1999,food,500ml五粮液,360.0,瓶,FALSE
002,上海,2000,income,月平均工资,1285,元,TRUE
002,上海,2000,food,普通散装粳米,1.55,500g,TRUE
002,上海,2000,food,大豆油,24.00,5L,TRUE
002,上海,2000,food,猪肉精瘦肉,8.50,500g,TRUE
002,上海,2000,clothing,纯棉男士T恤,40.0,件,TRUE
002,上海,2000,food,330ml罐装啤酒,2.00,罐,FALSE
002,上海,2000,food,500ml五粮液,360.0,瓶,FALSE
002,上海,2001,income,月平均工资,1480,元,TRUE
002,上海,2001,food,普通散装粳米,1.50,500g,TRUE
002,上海,2001,food,大豆油,23.00,5L,TRUE
002,上海,2001,food,猪肉精瘦肉,8.80,500g,TRUE
002,上海,2001,clothing,纯棉男士T恤,42.0,件,TRUE
002,上海,2001,food,330ml罐装啤酒,2.10,罐,FALSE
002,上海,2001,food,500ml五粮液,370.0,瓶,FALSE
002,上海,2002,income,月平均工资,1625,元,TRUE
002,上海,2002,food,普通散装粳米,1.55,500g,TRUE
002,上海,2002,food,大豆油,26.00,5L,TRUE
002,上海,2002,food,猪肉精瘦肉,9.20,500g,TRUE
002,上海,2002,clothing,纯棉男士T恤,45.0,件,TRUE
002,上海,2002,food,330ml罐装啤酒,2.20,罐,FALSE
002,上海,2002,food,500ml五粮液,380.0,瓶,FALSE
002,上海,2003,income,月平均工资,1847,元,TRUE
002,上海,2003,food,普通散装粳米,1.75,500g,TRUE
002,上海,2003,food,大豆油,34.00,5L,TRUE
002,上海,2003,food,猪肉精瘦肉,10.00,500g,TRUE
002,上海,2003,clothing,纯棉男士T恤,48.0,件,TRUE
002,上海,2003,food,330ml罐装啤酒,2.20,罐,FALSE
002,上海,2003,food,500ml五粮液,400.0,瓶,FALSE
002,上海,2004,income,月平均工资,2033,元,TRUE
002,上海,2004,food,普通散装粳米,2.05,500g,TRUE
002,上海,2004,food,大豆油,48.00,5L,TRUE
002,上海,2004,food,猪肉精瘦肉,13.50,500g,TRUE
002,上海,2004,clothing,纯棉男士T恤,50.0,件,TRUE
002,上海,2004,food,330ml罐装啤酒,2.40,罐,FALSE
002,上海,2004,food,500ml五粮液,430.0,瓶,FALSE
002,上海,2005,income,月平均工资,2235,元,TRUE
002,上海,2005,food,普通散装粳米,2.10,500g,TRUE
002,上海,2005,food,大豆油,45.00,5L,TRUE
002,上海,2005,food,猪肉精瘦肉,12.50,500g,TRUE
002,上海,2005,clothing,纯棉男士T恤,55.0,件,TRUE
002,上海,2005,food,330ml罐装啤酒,2.50,罐,FALSE
002,上海,2005,food,500ml五粮液,460.0,瓶,FALSE
002,上海,2006,income,月平均工资,2464,元,TRUE
002,上海,2006,food,普通散装粳米,2.15,500g,TRUE
002,上海,2006,food,大豆油,48.00,5L,TRUE
002,上海,2006,food,猪肉精瘦肉,11.50,500g,TRUE
002,上海,2006,clothing,纯棉男士T恤,55.0,件,TRUE
002,上海,2006,food,330ml罐装啤酒,2.60,罐,FALSE
002,上海,2006,food,500ml五粮液,500.0,瓶,FALSE
002,上海,2007,income,月平均工资,2892,元,TRUE
002,上海,2007,food,普通散装粳米,2.40,500g,TRUE
002,上海,2007,food,大豆油,62.00,5L,TRUE
002,上海,2007,food,猪肉精瘦肉,16.50,500g,TRUE
002,上海,2007,clothing,纯棉男士T恤,60.0,件,TRUE
002,上海,2007,food,330ml罐装啤酒,2.80,罐,FALSE
002,上海,2007,food,500ml五粮液,550.0,瓶,FALSE
002,上海,2008,income,月平均工资,3292,元,TRUE
002,上海,2008,food,普通散装粳米,2.60,500g,TRUE
002,上海,2008,food,大豆油,78.00,5L,TRUE
002,上海,2008,food,猪肉精瘦肉,20.00,500g,TRUE
002,上海,2008,clothing,纯棉男士T恤,65.0,件,TRUE
002,上海,2008,food,330ml罐装啤酒,3.00,罐,FALSE
002,上海,2008,food,500ml五粮液,620.0,瓶,FALSE
002,上海,2009,income,月平均工资,3566,元,TRUE
002,上海,2009,food,普通散装粳米,2.70,500g,TRUE
002,上海,2009,food,大豆油,58.00,5L,TRUE
002,上海,2009,food,猪肉精瘦肉,15.50,500g,TRUE
002,上海,2009,clothing,纯棉男士T恤,65.0,件,TRUE
002,上海,2009,food,330ml罐装啤酒,3.10,罐,FALSE
002,上海,2009,food,500ml五粮液,680.0,瓶,FALSE
002,上海,2010,income,月平均工资,4672,元,TRUE
002,上海,2010,food,普通散装粳米,2.90,500g,TRUE
002,上海,2010,food,大豆油,62.00,5L,TRUE
002,上海,2010,food,猪肉精瘦肉,16.00,500g,TRUE
002,上海,2010,clothing,纯棉男士T恤,70.0,件,TRUE
002,上海,2010,food,330ml罐装啤酒,3.30,罐,FALSE
002,上海,2010,food,500ml五粮液,780.0,瓶,FALSE
002,上海,2011,income,月平均工资,5125,元,TRUE
002,上海,2011,food,普通散装粳米,3.20,500g,TRUE
002,上海,2011,food,大豆油,70.00,5L,TRUE
002,上海,2011,food,猪肉精瘦肉,21.50,500g,TRUE
002,上海,2011,clothing,纯棉男士T恤,75.0,件,TRUE
002,上海,2011,food,330ml罐装啤酒,3.50,罐,FALSE
002,上海,2011,food,500ml五粮液,950.0,瓶,FALSE
002,上海,2012,income,月平均工资,5631,元,TRUE
002,上海,2012,food,普通散装粳米,3.35,500g,TRUE
002,上海,2012,food,大豆油,74.00,5L,TRUE
002,上海,2012,food,猪肉精瘦肉,20.00,500g,TRUE
002,上海,2012,clothing,纯棉男士T恤,80.0,件,TRUE
002,上海,2012,food,330ml罐装啤酒,3.50,罐,FALSE
002,上海,2012,food,500ml五粮液,1150.0,瓶,FALSE
002,上海,2013,income,月平均工资,6044,元,TRUE
002,上海,2013,food,普通散装粳米,3.40,500g,TRUE
002,上海,2013,food,大豆油,72.00,5L,TRUE
002,上海,2013,food,猪肉精瘦肉,19.00,500g,TRUE
002,上海,2013,clothing,纯棉男士T恤,85.0,件,TRUE
002,上海,2013,food,330ml罐装啤酒,3.80,罐,FALSE
002,上海,2013,food,500ml五粮液,980.0,瓶,FALSE
002,上海,2014,income,月平均工资,6504,元,TRUE
002,上海,2014,food,普通散装粳米,3.50,500g,TRUE
002,上海,2014,food,大豆油,68.00,5L,TRUE
002,上海,2014,food,猪肉精瘦肉,18.00,500g,TRUE
002,上海,2014,clothing,纯棉男士T恤,85.0,件,TRUE
002,上海,2014,food,330ml罐装啤酒,4.00,罐,FALSE
002,上海,2014,food,500ml五粮液,750.0,瓶,FALSE
002,上海,2015,income,月平均工资,7132,元,TRUE
002,上海,2015,food,普通散装粳米,3.55,500g,TRUE
002,上海,2015,food,大豆油,64.00,5L,TRUE
002,上海,2015,food,猪肉精瘦肉,20.00,500g,TRUE
002,上海,2015,clothing,纯棉男士T恤,90.0,件,TRUE
002,上海,2015,food,330ml罐装啤酒,4.00,罐,FALSE
002,上海,2015,food,500ml五粮液,680.0,瓶,FALSE
002,上海,2016,income,月平均工资,7815,元,TRUE
002,上海,2016,food,普通散装粳米,3.60,500g,TRUE
002,上海,2016,food,大豆油,65.00,5L,TRUE
002,上海,2016,food,猪肉精瘦肉,23.50,500g,TRUE
002,上海,2016,clothing,纯棉男士T恤,90.0,件,TRUE
002,上海,2016,food,330ml罐装啤酒,4.20,罐,FALSE
002,上海,2016,food,500ml五粮液,780.0,瓶,FALSE
002,上海,2017,income,月平均工资,8503,元,TRUE
002,上海,2017,food,普通散装粳米,3.65,500g,TRUE
002,上海,2017,food,大豆油,68.00,5L,TRUE
002,上海,2017,food,猪肉精瘦肉,21.00,500g,TRUE
002,上海,2017,clothing,纯棉男士T恤,95.0,件,TRUE
002,上海,2017,food,330ml罐装啤酒,4.50,罐,FALSE
002,上海,2017,food,500ml五粮液,880.0,瓶,FALSE
002,上海,2018,income,月平均工资,9330,元,TRUE
002,上海,2018,food,普通散装粳米,3.70,500g,TRUE
002,上海,2018,food,大豆油,66.00,5L,TRUE
002,上海,2018,food,猪肉精瘦肉,19.50,500g,TRUE
002,上海,2018,clothing,纯棉男士T恤,100.0,件,TRUE
002,上海,2018,food,330ml罐装啤酒,4.50,罐,FALSE
002,上海,2018,food,500ml五粮液,1000.0,瓶,FALSE
002,上海,2019,income,月平均工资,9580,元,TRUE
002,上海,2019,food,普通散装粳米,3.75,500g,TRUE
002,上海,2019,food,大豆油,68.00,5L,TRUE
002,上海,2019,food,猪肉精瘦肉,30.00,500g,TRUE
002,上海,2019,clothing,纯棉男士T恤,100.0,件,TRUE
002,上海,2019,food,330ml罐装啤酒,4.80,罐,FALSE
002,上海,2019,food,500ml五粮液,1150.0,瓶,FALSE
002,上海,2020,income,月平均工资,10338,元,TRUE
002,上海,2020,food,普通散装粳米,3.80,500g,TRUE
002,上海,2020,food,大豆油,72.00,5L,TRUE
002,上海,2020,food,猪肉精瘦肉,38.00,500g,TRUE
002,上海,2020,clothing,纯棉男士T恤,100.0,件,TRUE
002,上海,2020,food,330ml罐装啤酒,5.00,罐,FALSE
002,上海,2020,food,500ml五粮液,1250.0,瓶,FALSE
002,上海,2021,income,月平均工资,11396,元,TRUE
002,上海,2021,food,普通散装粳米,3.75,500g,TRUE
002,上海,2021,food,大豆油,78.00,5L,TRUE
002,上海,2021,food,猪肉精瘦肉,24.00,500g,TRUE
002,上海,2021,clothing,纯棉男士T恤,100.0,件,TRUE
002,上海,2021,food,330ml罐装啤酒,5.00,罐,FALSE
002,上海,2021,food,500ml五粮液,1300.0,瓶,FALSE
002,上海,2022,income,月平均工资,12183,元,TRUE
002,上海,2022,food,普通散装粳米,3.85,500g,TRUE
002,上海,2022,food,大豆油,92.00,5L,TRUE
002,上海,2022,food,猪肉精瘦肉,26.00,500g,TRUE
002,上海,2022,clothing,纯棉男士T恤,105.0,件,TRUE
002,上海,2022,food,330ml罐装啤酒,5.50,罐,FALSE
002,上海,2022,food,500ml五粮液,1350.0,瓶,FALSE
002,上海,2023,income,月平均工资,12300,元,TRUE
002,上海,2023,food,普通散装粳米,3.80,500g,TRUE
002,上海,2023,food,大豆油,82.00,5L,TRUE
002,上海,2023,food,猪肉精瘦肉,20.00,500g,TRUE
002,上海,2023,clothing,纯棉男士T恤,100.0,件,TRUE
002,上海,2023,food,330ml罐装啤酒,5.50,罐,FALSE
002,上海,2023,food,500ml五粮液,1200.0,瓶,FALSE
002,上海,2024,income,月平均工资,13500,元,TRUE
002,上海,2024,food,普通散装粳米,3.70,500g,TRUE
002,上海,2024,food,大豆油,74.00,5L,TRUE
002,上海,2024,food,猪肉精瘦肉,18.50,500g,TRUE
002,上海,2024,clothing,纯棉男士T恤,90.0,件,TRUE
002,上海,2024,food,330ml罐装啤酒,5.00,罐,FALSE
002,上海,2024,food,500ml五粮液,1100.0,瓶,FALSE
002,上海,2025,income,月平均工资,14200,元,TRUE
002,上海,2025,food,普通散装粳米,3.75,500g,TRUE
002,上海,2025,food,大豆油,75.00,5L,TRUE
002,上海,2025,food,猪肉精瘦肉,21.00,500g,TRUE
002,上海,2025,clothing,纯棉男士T恤,95.0,件,TRUE
002,上海,2025,food,330ml罐装啤酒,5.50,罐,FALSE
002,上海,2025,food,500ml五粮液,1150.0,瓶,FALSE
023,成都,1980,income,月平均工资,62,元,TRUE
023,成都,1980,food,普通散装粳米,0.13,500g,TRUE
023,成都,1980,food,大豆油,4.10,5L,TRUE
023,成都,1980,food,猪肉精瘦肉,0.92,500g,TRUE
023,成都,1980,clothing,纯棉男士短袖 T 恤,3.2,件,TRUE
023,成都,1980,food,330ml 罐装国产经典啤酒,0.32,罐,FALSE
023,成都,1980,food,500ml 瓶装五粮液,3.7,瓶,FALSE
023,成都,1980,service,男士理发,0.25,次,TRUE
023,成都,1981,income,月平均工资,65,元,TRUE
023,成都,1981,food,普通散装粳米,0.13,500g,TRUE
023,成都,1981,food,大豆油,4.10,5L,TRUE
023,成都,1981,food,猪肉精瘦肉,0.95,500g,TRUE
023,成都,1981,clothing,纯棉男士短袖 T 恤,3.4,件,TRUE
023,成都,1981,food,330ml 罐装国产经典啤酒,0.32,罐,FALSE
023,成都,1981,food,500ml 瓶装五粮液,4.2,瓶,FALSE
023,成都,1981,service,男士理发,0.25,次,TRUE
023,成都,1982,income,月平均工资,68,元,TRUE
023,成都,1982,food,普通散装粳米,0.14,500g,TRUE
023,成都,1982,food,大豆油,4.20,5L,TRUE
023,成都,1982,food,猪肉精瘦肉,1.00,500g,TRUE
023,成都,1982,clothing,纯棉男士短袖 T 恤,3.6,件,TRUE
023,成都,1982,food,330ml 罐装国产经典啤酒,0.35,罐,FALSE
023,成都,1982,food,500ml 瓶装五粮液,5.0,瓶,FALSE
023,成都,1982,service,男士理发,0.30,次,TRUE
023,成都,1983,income,月平均工资,72,元,TRUE
023,成都,1983,food,普通散装粳米,0.14,500g,TRUE
023,成都,1983,food,大豆油,4.20,5L,TRUE
023,成都,1983,food,猪肉精瘦肉,1.10,500g,TRUE
023,成都,1983,clothing,纯棉男士短袖 T 恤,3.8,件,TRUE
023,成都,1983,food,330ml 罐装国产经典啤酒,0.35,罐,FALSE
023,成都,1983,food,500ml 瓶装五粮液,5.5,瓶,FALSE
023,成都,1983,service,男士理发,0.35,次,TRUE
023,成都,1984,income,月平均工资,85,元,TRUE
023,成都,1984,food,普通散装粳米,0.15,500g,TRUE
023,成都,1984,food,大豆油,4.40,5L,TRUE
023,成都,1984,food,猪肉精瘦肉,1.20,500g,TRUE
023,成都,1984,clothing,纯棉男士短袖 T 恤,4.2,件,TRUE
023,成都,1984,food,330ml 罐装国产经典啤酒,0.40,罐,FALSE
023,成都,1984,food,500ml 瓶装五粮液,6.5,瓶,FALSE
023,成都,1984,service,男士理发,0.40,次,TRUE
023,成都,1985,income,月平均工资,105,元,TRUE
023,成都,1985,food,普通散装粳米,0.16,500g,TRUE
023,成都,1985,food,大豆油,4.60,5L,TRUE
023,成都,1985,food,猪肉精瘦肉,1.50,500g,TRUE
023,成都,1985,clothing,纯棉男士短袖 T 恤,5.0,件,TRUE
023,成都,1985,food,330ml 罐装国产经典啤酒,0.45,罐,FALSE
023,成都,1985,food,500ml 瓶装五粮液,9.0,瓶,FALSE
023,成都,1985,service,男士理发,0.60,次,TRUE
023,成都,1986,income,月平均工资,120,元,TRUE
023,成都,1986,food,普通散装粳米,0.18,500g,TRUE
023,成都,1986,food,大豆油,5.00,5L,TRUE
023,成都,1986,food,猪肉精瘦肉,1.70,500g,TRUE
023,成都,1986,clothing,纯棉男士短袖 T 恤,6.0,件,TRUE
023,成都,1986,food,330ml 罐装国产经典啤酒,0.45,罐,FALSE
023,成都,1986,food,500ml 瓶装五粮液,12.0,瓶,FALSE
023,成都,1986,service,男士理发,0.80,次,TRUE
023,成都,1987,income,月平均工资,135,元,TRUE
023,成都,1987,food,普通散装粳米,0.20,500g,TRUE
023,成都,1987,food,大豆油,5.50,5L,TRUE
023,成都,1987,food,猪肉精瘦肉,2.00,500g,TRUE
023,成都,1987,clothing,纯棉男士短袖 T 恤,7.5,件,TRUE
023,成都,1987,food,330ml 罐装国产经典啤酒,0.50,罐,FALSE
023,成都,1987,food,500ml 瓶装五粮液,18.0,瓶,FALSE
023,成都,1987,service,男士理发,1.00,次,TRUE
023,成都,1988,income,月平均工资,160,元,TRUE
023,成都,1988,food,普通散装粳米,0.26,500g,TRUE
023,成都,1988,food,大豆油,8.50,5L,TRUE
023,成都,1988,food,猪肉精瘦肉,3.20,500g,TRUE
023,成都,1988,clothing,纯棉男士短袖 T 恤,11.0,件,TRUE
023,成都,1988,food,330ml 罐装国产经典啤酒,0.70,罐,FALSE
023,成都,1988,food,500ml 瓶装五粮液,82.0,瓶,FALSE
023,成都,1988,service,男士理发,1.50,次,TRUE
023,成都,1989,income,月平均工资,190,元,TRUE
023,成都,1989,food,普通散装粳米,0.32,500g,TRUE
023,成都,1989,food,大豆油,10.00,5L,TRUE
023,成都,1989,food,猪肉精瘦肉,4.00,500g,TRUE
023,成都,1989,clothing,纯棉男士短袖 T 恤,14.0,件,TRUE
023,成都,1989,food,330ml 罐装国产经典啤酒,0.90,罐,FALSE
023,成都,1989,food,500ml 瓶装五粮液,120.0,瓶,FALSE
023,成都,1989,service,男士理发,2.00,次,TRUE
023,成都,1990,income,月平均工资,210,元,TRUE
023,成都,1990,food,普通散装粳米,0.38,500g,TRUE
023,成都,1990,food,大豆油,11.00,5L,TRUE
023,成都,1990,food,猪肉精瘦肉,4.20,500g,TRUE
023,成都,1990,clothing,纯棉男士短袖 T 恤,16.0,件,TRUE
023,成都,1990,food,330ml 罐装国产经典啤酒,1.00,罐,FALSE
023,成都,1990,food,500ml 瓶装五粮液,135.0,瓶,FALSE
023,成都,1990,service,男士理发,2.50,次,TRUE
023,成都,1991,income,月平均工资,235,元,TRUE
023,成都,1991,food,普通散装粳米,0.42,500g,TRUE
023,成都,1991,food,大豆油,12.50,5L,TRUE
023,成都,1991,food,猪肉精瘦肉,4.50,500g,TRUE
023,成都,1991,clothing,纯棉男士短袖 T 恤,18.0,件,TRUE
023,成都,1991,food,330ml 罐装国产经典啤酒,1.10,罐,FALSE
023,成都,1991,food,500ml 瓶装五粮液,150.0,瓶,FALSE
023,成都,1991,service,男士理发,3.00,次,TRUE
023,成都,1992,income,月平均工资,285,元,TRUE
023,成都,1992,food,普通散装粳米,0.55,500g,TRUE
023,成都,1992,food,大豆油,15.00,5L,TRUE
023,成都,1992,food,猪肉精瘦肉,5.00,500g,TRUE
023,成都,1992,clothing,纯棉男士短袖 T 恤,22.0,件,TRUE
023,成都,1992,food,330ml 罐装国产经典啤酒,1.20,罐,FALSE
023,成都,1992,food,500ml 瓶装五粮液,165.0,瓶,FALSE
023,成都,1992,service,男士理发,4.00,次,TRUE
023,成都,1993,income,月平均工资,380,元,TRUE
023,成都,1993,food,普通散装粳米,0.80,500g,TRUE
023,成都,1993,food,大豆油,18.50,5L,TRUE
023,成都,1993,food,猪肉精瘦肉,6.50,500g,TRUE
023,成都,1993,clothing,纯棉男士短袖 T 恤,25.0,件,TRUE
023,成都,1993,food,330ml 罐装国产经典啤酒,1.40,罐,FALSE
023,成都,1993,food,500ml 瓶装五粮液,190.0,瓶,FALSE
023,成都,1993,service,男士理发,5.50,次,TRUE
023,成都,1994,income,月平均工资,490,元,TRUE
023,成都,1994,food,普通散装粳米,1.15,500g,TRUE
023,成都,1994,food,大豆油,25.00,5L,TRUE
023,成都,1994,food,猪肉精瘦肉,9.50,500g,TRUE
023,成都,1994,clothing,纯棉男士短袖 T 恤,30.0,件,TRUE
023,成都,1994,food,330ml 罐装国产经典啤酒,1.60,罐,FALSE
023,成都,1994,food,500ml 瓶装五粮液,240.0,瓶,FALSE
023,成都,1994,service,男士理发,7.00,次,TRUE
023,成都,1995,income,月平均工资,610,元,TRUE
023,成都,1995,food,普通散装粳米,1.40,500g,TRUE
023,成都,1995,food,大豆油,32.00,5L,TRUE
023,成都,1995,food,猪肉精瘦肉,11.00,500g,TRUE
023,成都,1995,clothing,纯棉男士短袖 T 恤,35.0,件,TRUE
023,成都,1995,food,330ml 罐装国产经典啤酒,1.80,罐,FALSE
023,成都,1995,food,500ml 瓶装五粮液,280.0,瓶,FALSE
023,成都,1995,service,男士理发,8.50,次,TRUE
023,成都,1996,income,月平均工资,720,元,TRUE
023,成都,1996,food,普通散装粳米,1.55,500g,TRUE
023,成都,1996,food,大豆油,30.00,5L,TRUE
023,成都,1996,food,猪肉精瘦肉,10.50,500g,TRUE
023,成都,1996,clothing,纯棉男士短袖 T 恤,38.0,件,TRUE
023,成都,1996,food,330ml 罐装国产经典啤酒,1.80,罐,FALSE
023,成都,1996,food,500ml 瓶装五粮液,300.0,瓶,FALSE
023,成都,1996,service,男士理发,10.00,次,TRUE
023,成都,1997,income,月平均工资,780,元,TRUE
023,成都,1997,food,普通散装粳米,1.50,500g,TRUE
023,成都,1997,food,大豆油,28.00,5L,TRUE
023,成都,1997,food,猪肉精瘦肉,10.00,500g,TRUE
023,成都,1997,clothing,纯棉男士短袖 T 恤,40.0,件,TRUE
023,成都,1997,food,330ml 罐装国产经典啤酒,1.80,罐,FALSE
023,成都,1997,food,500ml 瓶装五粮液,320.0,瓶,FALSE
023,成都,1997,service,男士理发,11.00,次,TRUE
023,成都,1998,income,月平均工资,850,元,TRUE
023,成都,1998,food,普通散装粳米,1.45,500g,TRUE
023,成都,1998,food,大豆油,26.00,5L,TRUE
023,成都,1998,food,猪肉精瘦肉,9.50,500g,TRUE
023,成都,1998,clothing,纯棉男士短袖 T 恤,42.0,件,TRUE
023,成都,1998,food,330ml 罐装国产经典啤酒,1.80,罐,FALSE
023,成都,1998,food,500ml 瓶装五粮液,340.0,瓶,FALSE
023,成都,1998,service,男士理发,12.00,次,TRUE
023,成都,1999,income,月平均工资,920,元,TRUE
023,成都,1999,food,普通散装粳米,1.40,500g,TRUE
023,成都,1999,food,大豆油,24.00,5L,TRUE
023,成都,1999,food,猪肉精瘦肉,8.00,500g,TRUE
023,成都,1999,clothing,纯棉男士短袖 T 恤,40.0,件,TRUE
023,成都,1999,food,330ml 罐装国产经典啤酒,1.80,罐,FALSE
023,成都,1999,food,500ml 瓶装五粮液,350.0,瓶,FALSE
023,成都,1999,service,男士理发,12.00,次,TRUE
023,成都,2000,income,月平均工资,1010,元,TRUE
023,成都,2000,food,普通散装粳米,1.35,500g,TRUE
023,成都,2000,food,大豆油,22.50,5L,TRUE
023,成都,2000,food,猪肉精瘦肉,7.50,500g,TRUE
023,成都,2000,clothing,纯棉男士短袖 T 恤,40.0,件,TRUE
023,成都,2000,food,330ml 罐装国产经典啤酒,1.80,罐,FALSE
023,成都,2000,food,500ml 瓶装五粮液,350.0,瓶,FALSE
023,成都,2000,service,男士理发,12.50,次,TRUE
023,成都,2001,income,月平均工资,1150,元,TRUE
023,成都,2001,food,普通散装粳米,1.30,500g,TRUE
023,成都,2001,food,大豆油,21.00,5L,TRUE
023,成都,2001,food,猪肉精瘦肉,7.80,500g,TRUE
023,成都,2001,clothing,纯棉男士短袖 T 恤,42.0,件,TRUE
023,成都,2001,food,330ml 罐装国产经典啤酒,1.90,罐,FALSE
023,成都,2001,food,500ml 瓶装五粮液,360.0,瓶,FALSE
023,成都,2001,service,男士理发,13.00,次,TRUE
023,成都,2002,income,月平均工资,1320,元,TRUE
023,成都,2002,food,普通散装粳米,1.35,500g,TRUE
023,成都,2002,food,大豆油,25.00,5L,TRUE
023,成都,2002,food,猪肉精瘦肉,8.20,500g,TRUE
023,成都,2002,clothing,纯棉男士短袖 T 恤,45.0,件,TRUE
023,成都,2002,food,330ml 罐装国产经典啤酒,2.00,罐,FALSE
023,成都,2002,food,500ml 瓶装五粮液,380.0,瓶,FALSE
023,成都,2002,service,男士理发,13.50,次,TRUE
023,成都,2003,income,月平均工资,1480,元,TRUE
023,成都,2003,food,普通散装粳米,1.50,500g,TRUE
023,成都,2003,food,大豆油,32.00,5L,TRUE
023,成都,2003,food,猪肉精瘦肉,9.00,500g,TRUE
023,成都,2003,clothing,纯棉男士短袖 T 恤,45.0,件,TRUE
023,成都,2003,food,330ml 罐装国产经典啤酒,2.00,罐,FALSE
023,成都,2003,food,500ml 瓶装五粮液,400.0,瓶,FALSE
023,成都,2003,service,男士理发,14.00,次,TRUE
023,成都,2004,income,月平均工资,1650,元,TRUE
023,成都,2004,food,普通散装粳米,1.75,500g,TRUE
023,成都,2004,food,大豆油,45.00,5L,TRUE
023,成都,2004,food,猪肉精瘦肉,11.50,500g,TRUE
023,成都,2004,clothing,纯棉男士短袖 T 恤,48.0,件,TRUE
023,成都,2004,food,330ml 罐装国产经典啤酒,2.20,罐,FALSE
023,成都,2004,food,500ml 瓶装五粮液,420.0,瓶,FALSE
023,成都,2004,service,男士理发,15.00,次,TRUE
023,成都,2005,income,月平均工资,1850,元,TRUE
023,成都,2005,food,普通散装粳米,1.80,500g,TRUE
023,成都,2005,food,大豆油,42.00,5L,TRUE
023,成都,2005,food,猪肉精瘦肉,10.50,500g,TRUE
023,成都,2005,clothing,纯棉男士短袖 T 恤,50.0,件,TRUE
023,成都,2005,food,330ml 罐装国产经典啤酒,2.30,罐,FALSE
023,成都,2005,food,500ml 瓶装五粮液,450.0,瓶,FALSE
023,成都,2005,service,男士理发,16.00,次,TRUE
023,成都,2006,income,月平均工资,2100,元,TRUE
023,成都,2006,food,普通散装粳米,1.90,500g,TRUE
023,成都,2006,food,大豆油,44.00,5L,TRUE
023,成都,2006,food,猪肉精瘦肉,10.00,500g,TRUE
023,成都,2006,clothing,纯棉男士短袖 T 恤,50.0,件,TRUE
023,成都,2006,food,330ml 罐装国产经典啤酒,2.50,罐,FALSE
023,成都,2006,food,500ml 瓶装五粮液,480.0,瓶,FALSE
023,成都,2006,service,男士理发,17.00,次,TRUE
023,成都,2007,income,月平均工资,2450,元,TRUE
023,成都,2007,food,普通散装粳米,2.10,500g,TRUE
023,成都,2007,food,大豆油,58.00,5L,TRUE
023,成都,2007,food,猪肉精瘦肉,14.50,500g,TRUE
023,成都,2007,clothing,纯棉男士短袖 T 恤,55.0,件,TRUE
023,成都,2007,food,330ml 罐装国产经典啤酒,2.80,罐,FALSE
023,成都,2007,food,500ml 瓶装五粮液,520.0,瓶,FALSE
023,成都,2007,service,男士理发,18.50,次,TRUE
023,成都,2008,income,月平均工资,2850,元,TRUE
023,成都,2008,food,普通散装粳米,2.25,500g,TRUE
023,成都,2008,food,大豆油,75.00,5L,TRUE
023,成都,2008,food,猪肉精瘦肉,17.00,500g,TRUE
023,成都,2008,clothing,纯棉男士短袖 T 恤,60.0,件,TRUE
023,成都,2008,food,330ml 罐装国产经典啤酒,3.00,罐,FALSE
023,成都,2008,food,500ml 瓶装五粮液,580.0,瓶,FALSE
023,成都,2008,service,男士理发,20.00,次,TRUE
023,成都,2009,income,月平均工资,3100,元,TRUE
023,成都,2009,food,普通散装粳米,2.35,500g,TRUE
023,成都,2009,food,大豆油,55.00,5L,TRUE
023,成都,2009,food,猪肉精瘦肉,12.50,500g,TRUE
023,成都,2009,clothing,纯棉男士短袖 T 恤,60.0,件,TRUE
023,成都,2009,food,330ml 罐装国产经典啤酒,3.00,罐,FALSE
023,成都,2009,food,500ml 瓶装五粮液,650.0,瓶,FALSE
023,成都,2009,service,男士理发,21.00,次,TRUE
023,成都,2010,income,月平均工资,3320,元,TRUE
023,成都,2010,food,普通散装粳米,2.60,500g,TRUE
023,成都,2010,food,大豆油,60.00,5L,TRUE
023,成都,2010,food,猪肉精瘦肉,14.00,500g,TRUE
023,成都,2010,clothing,纯棉男士短袖 T 恤,65.0,件,TRUE
023,成都,2010,food,330ml 罐装国产经典啤酒,3.20,罐,FALSE
023,成都,2010,food,500ml 瓶装五粮液,780.0,瓶,FALSE
023,成都,2010,service,男士理发,22.00,次,TRUE
023,成都,2011,income,月平均工资,3850,元,TRUE
023,成都,2011,food,普通散装粳米,2.90,500g,TRUE
023,成都,2011,food,大豆油,68.00,5L,TRUE
023,成都,2011,food,猪肉精瘦肉,18.00,500g,TRUE
023,成都,2011,clothing,纯棉男士短袖 T 恤,70.0,件,TRUE
023,成都,2011,food,330ml 罐装国产经典啤酒,3.50,罐,FALSE
023,成都,2011,food,500ml 瓶装五粮液,900.0,瓶,FALSE
023,成都,2011,service,男士理发,25.00,次,TRUE
023,成都,2012,income,月平均工资,4250,元,TRUE
023,成都,2012,food,普通散装粳米,3.00,500g,TRUE
023,成都,2012,food,大豆油,72.00,5L,TRUE
023,成都,2012,food,猪肉精瘦肉,17.00,500g,TRUE
023,成都,2012,clothing,纯棉男士短袖 T 恤,75.0,件,TRUE
023,成都,2012,food,330ml 罐装国产经典啤酒,3.50,罐,FALSE
023,成都,2012,food,500ml 瓶装五粮液,1100.0,瓶,FALSE
023,成都,2012,service,男士理发,26.00,次,TRUE
023,成都,2013,income,月平均工资,4850,元,TRUE
023,成都,2013,food,普通散装粳米,3.10,500g,TRUE
023,成都,2013,food,大豆油,70.00,5L,TRUE
023,成都,2013,food,猪肉精瘦肉,16.50,500g,TRUE
023,成都,2013,clothing,纯棉男士短袖 T 恤,75.0,件,TRUE
023,成都,2013,food,330ml 罐装国产经典啤酒,3.80,罐,FALSE
023,成都,2013,food,500ml 瓶装五粮液,950.0,瓶,FALSE
023,成都,2013,service,男士理发,28.00,次,TRUE
023,成都,2014,income,月平均工资,5450,元,TRUE
023,成都,2014,food,普通散装粳米,3.20,500g,TRUE
023,成都,2014,food,大豆油,65.00,5L,TRUE
023,成都,2014,food,猪肉精瘦肉,15.50,500g,TRUE
023,成都,2014,clothing,纯棉男士短袖 T 恤,80.0,件,TRUE
023,成都,2014,food,330ml 罐装国产经典啤酒,4.00,罐,FALSE
023,成都,2014,food,500ml 瓶装五粮液,700.0,瓶,FALSE
023,成都,2014,service,男士理发,30.00,次,TRUE
023,成都,2015,income,月平均工资,5980,元,TRUE
023,成都,2015,food,普通散装粳米,3.25,500g,TRUE
023,成都,2015,food,大豆油,60.00,5L,TRUE
023,成都,2015,food,猪肉精瘦肉,17.00,500g,TRUE
023,成都,2015,clothing,纯棉男士短袖 T 恤,80.0,件,TRUE
023,成都,2015,food,330ml 罐装国产经典啤酒,4.00,罐,FALSE
023,成都,2015,food,500ml 瓶装五粮液,650.0,瓶,FALSE
023,成都,2015,service,男士理发,32.00,次,TRUE
023,成都,2016,income,月平均工资,6500,元,TRUE
023,成都,2016,food,普通散装粳米,3.30,500g,TRUE
023,成都,2016,food,大豆油,62.00,5L,TRUE
023,成都,2016,food,猪肉精瘦肉,19.50,500g,TRUE
023,成都,2016,clothing,纯棉男士短袖 T 恤,85.0,件,TRUE
023,成都,2016,food,330ml 罐装国产经典啤酒,4.20,罐,FALSE
023,成都,2016,food,500ml 瓶装五粮液,750.0,瓶,FALSE
023,成都,2016,service,男士理发,34.00,次,TRUE
023,成都,2017,income,月平均工资,7100,元,TRUE
023,成都,2017,food,普通散装粳米,3.35,500g,TRUE
023,成都,2017,food,大豆油,64.00,5L,TRUE
023,成都,2017,food,猪肉精瘦肉,17.50,500g,TRUE
023,成都,2017,clothing,纯棉男士短袖 T 恤,85.0,件,TRUE
023,成都,2017,food,330ml 罐装国产经典啤酒,4.50,罐,FALSE
023,成都,2017,food,500ml 瓶装五粮液,850.0,瓶,FALSE
023,成都,2017,service,男士理发,35.00,次,TRUE
023,成都,2018,income,月平均工资,7850,元,TRUE
023,成都,2018,food,普通散装粳米,3.40,500g,TRUE
023,成都,2018,food,大豆油,62.00,5L,TRUE
023,成都,2018,food,猪肉精瘦肉,16.00,500g,TRUE
023,成都,2018,clothing,纯棉男士短袖 T 恤,90.0,件,TRUE
023,成都,2018,food,330ml 罐装国产经典啤酒,4.50,罐,FALSE
023,成都,2018,food,500ml 瓶装五粮液,950.0,瓶,FALSE
023,成都,2018,service,男士理发,36.00,次,TRUE
023,成都,2019,income,月平均工资,8600,元,TRUE
023,成都,2019,food,普通散装粳米,3.45,500g,TRUE
023,成都,2019,food,大豆油,65.00,5L,TRUE
023,成都,2019,food,猪肉精瘦肉,26.00,500g,TRUE
023,成都,2019,clothing,纯棉男士短袖 T 恤,90.0,件,TRUE
023,成都,2019,food,330ml 罐装国产经典啤酒,4.80,罐,FALSE
023,成都,2019,food,500ml 瓶装五粮液,1100.0,瓶,FALSE
023,成都,2019,service,男士理发,38.00,次,TRUE
023,成都,2020,income,月平均工资,9100,元,TRUE
023,成都,2020,food,普通散装粳米,3.50,500g,TRUE
023,成都,2020,food,大豆油,68.00,5L,TRUE
023,成都,2020,food,猪肉精瘦肉,32.00,500g,TRUE
023,成都,2020,clothing,纯棉男士短袖 T 恤,95.0,件,TRUE
023,成都,2020,food,330ml 罐装国产经典啤酒,5.00,罐,FALSE
023,成都,2020,food,500ml 瓶装五粮液,1200.0,瓶,FALSE
023,成都,2020,service,男士理发,40.00,次,TRUE
023,成都,2021,income,月平均工资,9600,元,TRUE
023,成都,2021,food,普通散装粳米,3.45,500g,TRUE
023,成都,2021,food,大豆油,75.00,5L,TRUE
023,成都,2021,food,猪肉精瘦肉,20.50,500g,TRUE
023,成都,2021,clothing,纯棉男士短袖 T 恤,95.0,件,TRUE
023,成都,2021,food,330ml 罐装国产经典啤酒,5.00,罐,FALSE
023,成都,2021,food,500ml 瓶装五粮液,1250.0,瓶,FALSE
023,成都,2021,service,男士理发,42.00,次,TRUE
023,成都,2022,income,月平均工资,10100,元,TRUE
023,成都,2022,food,普通散装粳米,3.60,500g,TRUE
023,成都,2022,food,大豆油,88.00,5L,TRUE
023,成都,2022,food,猪肉精瘦肉,22.50,500g,TRUE
023,成都,2022,clothing,纯棉男士短袖 T 恤,100.0,件,TRUE
023,成都,2022,food,330ml 罐装国产经典啤酒,5.50,罐,FALSE
023,成都,2022,food,500ml 瓶装五粮液,1300.0,瓶,FALSE
023,成都,2022,service,男士理发,45.00,次,TRUE
023,成都,2023,income,月平均工资,10800,元,TRUE
023,成都,2023,food,普通散装粳米,3.55,500g,TRUE
023,成都,2023,food,大豆油,78.00,5L,TRUE
023,成都,2023,food,猪肉精瘦肉,17.50,500g,TRUE
023,成都,2023,clothing,纯棉男士短袖 T 恤,95.0,件,TRUE
023,成都,2023,food,330ml 罐装国产经典啤酒,5.50,罐,FALSE
023,成都,2023,food,500ml 瓶装五粮液,1150.0,瓶,FALSE
023,成都,2023,service,男士理发,45.00,次,TRUE
023,成都,2024,income,月平均工资,11200,元,TRUE
023,成都,2024,food,普通散装粳米,3.40,500g,TRUE
023,成都,2024,food,大豆油,72.00,5L,TRUE
023,成都,2024,food,猪肉精瘦肉,16.50,500g,TRUE
023,成都,2024,clothing,纯棉男士短袖 T 恤,85.0,件,TRUE
023,成都,2024,food,330ml 罐装国产经典啤酒,5.00,罐,FALSE
023,成都,2024,food,500ml 瓶装五粮液,1050.0,瓶,FALSE
023,成都,2024,service,男士理发,42.00,次,TRUE
023,成都,2025,income,月平均工资,11800,元,TRUE
023,成都,2025,food,普通散装粳米,3.45,500g,TRUE
023,成都,2025,food,大豆油,74.00,5L,TRUE
023,成都,2025,food,猪肉精瘦肉,18.50,500g,TRUE
023,成都,2025,clothing,纯棉男士短袖 T 恤,90.0,件,TRUE
023,成都,2025,food,330ml 罐装国产经典啤酒,5.20,罐,FALSE
023,成都,2025,food,500ml 瓶装五粮液,1100.0,瓶,FALSE
023,成都,2025,service,男士理发,45.00,次,TRUE
020,广州,1980,income,月平均工资,82,元,TRUE
020,广州,1980,food,普通散装粳米,0.17,500g,TRUE
020,广州,1980,food,大豆油,4.40,5L,TRUE
020,广州,1980,food,猪肉精瘦肉,1.10,500g,TRUE
020,广州,1980,clothing,纯棉男士短袖 T 恤,4.0,件,TRUE
020,广州,1980,food,330ml 罐装国产经典啤酒,0.40,罐,FALSE
020,广州,1980,food,500ml 瓶装五粮液,3.7,瓶,FALSE
020,广州,1980,service,男士理发,0.40,次,TRUE
020,广州,1981,income,月平均工资,88,元,TRUE
020,广州,1981,food,普通散装粳米,0.18,500g,TRUE
020,广州,1981,food,大豆油,4.40,5L,TRUE
020,广州,1981,food,猪肉精瘦肉,1.15,500g,TRUE
020,广州,1981,clothing,纯棉男士短袖 T 恤,4.2,件,TRUE
020,广州,1981,food,330ml 罐装国产经典啤酒,0.40,罐,FALSE
020,广州,1981,food,500ml 瓶装五粮液,4.5,瓶,FALSE
020,广州,1981,service,男士理发,0.40,次,TRUE
020,广州,1982,income,月平均工资,95,元,TRUE
020,广州,1982,food,普通散装粳米,0.18,500g,TRUE
020,广州,1982,food,大豆油,4.50,5L,TRUE
020,广州,1982,food,猪肉精瘦肉,1.25,500g,TRUE
020,广州,1982,clothing,纯棉男士短袖 T 恤,4.5,件,TRUE
020,广州,1982,food,330ml 罐装国产经典啤酒,0.45,罐,FALSE
020,广州,1982,food,500ml 瓶装五粮液,5.5,瓶,FALSE
020,广州,1982,service,男士理发,0.50,次,TRUE
020,广州,1983,income,月平均工资,110,元,TRUE
020,广州,1983,food,普通散装粳米,0.19,500g,TRUE
020,广州,1983,food,大豆油,4.60,5L,TRUE
020,广州,1983,food,猪肉精瘦肉,1.35,500g,TRUE
020,广州,1983,clothing,纯棉男士短袖 T 恤,5.0,件,TRUE
020,广州,1983,food,330ml 罐装国产经典啤酒,0.45,罐,FALSE
020,广州,1983,food,500ml 瓶装五粮液,6.0,瓶,FALSE
020,广州,1983,service,男士理发,0.60,次,TRUE
020,广州,1984,income,月平均工资,135,元,TRUE
020,广州,1984,food,普通散装粳米,0.20,500g,TRUE
020,广州,1984,food,大豆油,4.80,5L,TRUE
020,广州,1984,food,猪肉精瘦肉,1.55,500g,TRUE
020,广州,1984,clothing,纯棉男士短袖 T 恤,5.5,件,TRUE
020,广州,1984,food,330ml 罐装国产经典啤酒,0.50,罐,FALSE
020,广州,1984,food,500ml 瓶装五粮液,7.5,瓶,FALSE
020,广州,1984,service,男士理发,0.70,次,TRUE
020,广州,1985,income,月平均工资,165,元,TRUE
020,广州,1985,food,普通散装粳米,0.22,500g,TRUE
020,广州,1985,food,大豆油,5.20,5L,TRUE
020,广州,1985,food,猪肉精瘦肉,1.90,500g,TRUE
020,广州,1985,clothing,纯棉男士短袖 T 恤,6.5,件,TRUE
020,广州,1985,food,330ml 罐装国产经典啤酒,0.55,罐,FALSE
020,广州,1985,food,500ml 瓶装五粮液,10.0,瓶,FALSE
020,广州,1985,service,男士理发,1.00,次,TRUE
020,广州,1986,income,月平均工资,185,元,TRUE
020,广州,1986,food,普通散装粳米,0.25,500g,TRUE
020,广州,1986,food,大豆油,5.80,5L,TRUE
020,广州,1986,food,猪肉精瘦肉,2.20,500g,TRUE
020,广州,1986,clothing,纯棉男士短袖 T 恤,8.0,件,TRUE
020,广州,1986,food,330ml 罐装国产经典啤酒,0.60,罐,FALSE
020,广州,1986,food,500ml 瓶装五粮液,13.5,瓶,FALSE
020,广州,1986,service,男士理发,1.20,次,TRUE
020,广州,1987,income,月平均工资,210,元,TRUE
020,广州,1987,food,普通散装粳米,0.28,500g,TRUE
020,广州,1987,food,大豆油,6.50,5L,TRUE
020,广州,1987,food,猪肉精瘦肉,2.50,500g,TRUE
020,广州,1987,clothing,纯棉男士短袖 T 恤,10.0,件,TRUE
020,广州,1987,food,330ml 罐装国产经典啤酒,0.70,罐,FALSE
020,广州,1987,food,500ml 瓶装五粮液,22.0,瓶,FALSE
020,广州,1987,service,男士理发,1.50,次,TRUE
020,广州,1988,income,月平均工资,260,元,TRUE
020,广州,1988,food,普通散装粳米,0.38,500g,TRUE
020,广州,1988,food,大豆油,10.50,5L,TRUE
020,广州,1988,food,猪肉精瘦肉,4.50,500g,TRUE
020,广州,1988,clothing,纯棉男士短袖 T 恤,15.0,件,TRUE
020,广州,1988,food,330ml 罐装国产经典啤酒,0.90,罐,FALSE
020,广州,1988,food,500ml 瓶装五粮液,90.0,瓶,FALSE
020,广州,1988,service,男士理发,2.50,次,TRUE
020,广州,1989,income,月平均工资,310,元,TRUE
020,广州,1989,food,普通散装粳米,0.45,500g,TRUE
020,广州,1989,food,大豆油,12.00,5L,TRUE
020,广州,1989,food,猪肉精瘦肉,5.50,500g,TRUE
020,广州,1989,clothing,纯棉男士短袖 T 恤,18.0,件,TRUE
020,广州,1989,food,330ml 罐装国产经典啤酒,1.10,罐,FALSE
020,广州,1989,food,500ml 瓶装五粮液,135.0,瓶,FALSE
020,广州,1989,service,男士理发,3.50,次,TRUE
020,广州,1990,income,月平均工资,365,元,TRUE
020,广州,1990,food,普通散装粳米,0.50,500g,TRUE
020,广州,1990,food,大豆油,13.50,5L,TRUE
020,广州,1990,food,猪肉精瘦肉,6.20,500g,TRUE
020,广州,1990,clothing,纯棉男士短袖 T 恤,22.0,件,TRUE
020,广州,1990,food,330ml 罐装国产经典啤酒,1.20,罐,FALSE
020,广州,1990,food,500ml 瓶装五粮液,150.0,瓶,FALSE
020,广州,1990,service,男士理发,4.50,次,TRUE
020,广州,1991,income,月平均工资,395,元,TRUE
020,广州,1991,food,普通散装粳米,0.55,500g,TRUE
020,广州,1991,food,大豆油,15.00,5L,TRUE
020,广州,1991,food,猪肉精瘦肉,6.80,500g,TRUE
020,广州,1991,clothing,纯棉男士短袖 T 恤,25.0,件,TRUE
020,广州,1991,food,330ml 罐装国产经典啤酒,1.30,罐,FALSE
020,广州,1991,food,500ml 瓶装五粮液,165.0,瓶,FALSE
020,广州,1991,service,男士理发,5.50,次,TRUE
020,广州,1992,income,月平均工资,455,元,TRUE
020,广州,1992,food,普通散装粳米,0.70,500g,TRUE
020,广州,1992,food,大豆油,18.00,5L,TRUE
020,广州,1992,food,猪肉精瘦肉,7.50,500g,TRUE
020,广州,1992,clothing,纯棉男士短袖 T 恤,30.0,件,TRUE
020,广州,1992,food,330ml 罐装国产经典啤酒,1.40,罐,FALSE
020,广州,1992,food,500ml 瓶装五粮液,185.0,瓶,FALSE
020,广州,1992,service,男士理发,7.00,次,TRUE
020,广州,1993,income,月平均工资,680,元,TRUE
020,广州,1993,food,普通散装粳米,1.05,500g,TRUE
020,广州,1993,food,大豆油,22.00,5L,TRUE
020,广州,1993,food,猪肉精瘦肉,10.50,500g,TRUE
020,广州,1993,clothing,纯棉男士短袖 T 恤,35.0,件,TRUE
020,广州,1993,food,330ml 罐装国产经典啤酒,1.60,罐,FALSE
020,广州,1993,food,500ml 瓶装五粮液,210.0,瓶,FALSE
020,广州,1993,service,男士理发,9.00,次,TRUE
020,广州,1994,income,月平均工资,890,元,TRUE
020,广州,1994,food,普通散装粳米,1.45,500g,TRUE
020,广州,1994,food,大豆油,30.00,5L,TRUE
020,广州,1994,food,猪肉精瘦肉,13.50,500g,TRUE
020,广州,1994,clothing,纯棉男士短袖 T 恤,42.0,件,TRUE
020,广州,1994,food,330ml 罐装国产经典啤酒,1.90,罐,FALSE
020,广州,1994,food,500ml 瓶装五粮液,260.0,瓶,FALSE
020,广州,1994,service,男士理发,12.00,次,TRUE
020,广州,1995,income,月平均工资,1015,元,TRUE
020,广州,1995,food,普通散装粳米,1.75,500g,TRUE
020,广州,1995,food,大豆油,36.00,5L,TRUE
020,广州,1995,food,猪肉精瘦肉,15.00,500g,TRUE
020,广州,1995,clothing,纯棉男士短袖 T 恤,48.0,件,TRUE
020,广州,1995,food,330ml 罐装国产经典啤酒,2.10,罐,FALSE
020,广州,1995,food,500ml 瓶装五粮液,310.0,瓶,FALSE
020,广州,1995,service,男士理发,15.00,次,TRUE
020,广州,1996,income,月平均工资,1120,元,TRUE
020,广州,1996,food,普通散装粳米,1.80,500g,TRUE
020,广州,1996,food,大豆油,34.00,5L,TRUE
020,广州,1996,food,猪肉精瘦肉,14.50,500g,TRUE
020,广州,1996,clothing,纯棉男士短袖 T 恤,50.0,件,TRUE
020,广州,1996,food,330ml 罐装国产经典啤酒,2.20,罐,FALSE
020,广州,1996,food,500ml 瓶装五粮液,330.0,瓶,FALSE
020,广州,1996,service,男士理发,16.00,次,TRUE
020,广州,1997,income,月平均工资,1250,元,TRUE
020,广州,1997,food,普通散装粳米,1.75,500g,TRUE
020,广州,1997,food,大豆油,32.00,5L,TRUE
020,广州,1997,food,猪肉精瘦肉,13.50,500g,TRUE
020,广州,1997,clothing,纯棉男士短袖 T 恤,52.0,件,TRUE
020,广州,1997,food,330ml 罐装国产经典啤酒,2.20,罐,FALSE
020,广州,1997,food,500ml 瓶装五粮液,350.0,瓶,FALSE
020,广州,1997,service,男士理发,18.00,次,TRUE
020,广州,1998,income,月平均工资,1380,元,TRUE
020,广州,1998,food,普通散装粳米,1.70,500g,TRUE
020,广州,1998,food,大豆油,30.00,5L,TRUE
020,广州,1998,food,猪肉精瘦肉,12.50,500g,TRUE
020,广州,1998,clothing,纯棉男士短袖 T 恤,55.0,件,TRUE
020,广州,1998,food,330ml 罐装国产经典啤酒,2.20,罐,FALSE
020,广州,1998,food,500ml 瓶装五粮液,360.0,瓶,FALSE
020,广州,1998,service,男士理发,20.00,次,TRUE
020,广州,1999,income,月平均工资,1520,元,TRUE
020,广州,1999,food,普通散装粳米,1.65,500g,TRUE
020,广州,1999,food,大豆油,28.00,5L,TRUE
020,广州,1999,food,猪肉精瘦肉,11.00,500g,TRUE
020,广州,1999,clothing,纯棉男士短袖 T 恤,55.0,件,TRUE
020,广州,1999,food,330ml 罐装国产经典啤酒,2.20,罐,FALSE
020,广州,1999,food,500ml 瓶装五粮液,370.0,瓶,FALSE
020,广州,1999,service,男士理发,22.00,次,TRUE
020,广州,2000,income,月平均工资,1750,元,TRUE
020,广州,2000,food,普通散装粳米,1.60,500g,TRUE
020,广州,2000,food,大豆油,26.00,5L,TRUE
020,广州,2000,food,猪肉精瘦肉,10.00,500g,TRUE
020,广州,2000,clothing,纯棉男士短袖 T 恤,55.0,件,TRUE
020,广州,2000,food,330ml 罐装国产经典啤酒,2.20,罐,FALSE
020,广州,2000,food,500ml 瓶装五粮液,380.0,瓶,FALSE
020,广州,2000,service,男士理发,22.00,次,TRUE
020,广州,2001,income,月平均工资,1950,元,TRUE
020,广州,2001,food,普通散装粳米,1.55,500g,TRUE
020,广州,2001,food,大豆油,25.00,5L,TRUE
020,广州,2001,food,猪肉精瘦肉,10.50,500g,TRUE
020,广州,2001,clothing,纯棉男士短袖 T 恤,58.0,件,TRUE
020,广州,2001,food,330ml 罐装国产经典啤酒,2.30,罐,FALSE
020,广州,2001,food,500ml 瓶装五粮液,390.0,瓶,FALSE
020,广州,2001,service,男士理发,24.00,次,TRUE
020,广州,2002,income,月平均工资,2180,元,TRUE
020,广州,2002,food,普通散装粳米,1.60,500g,TRUE
020,广州,2002,food,大豆油,28.00,5L,TRUE
020,广州,2002,food,猪肉精瘦肉,11.00,500g,TRUE
020,广州,2002,clothing,纯棉男士短袖 T 恤,60.0,件,TRUE
020,广州,2002,food,330ml 罐装国产经典啤酒,2.40,罐,FALSE
020,广州,2002,food,500ml 瓶装五粮液,400.0,瓶,FALSE
020,广州,2002,service,男士理发,25.00,次,TRUE
020,广州,2003,income,月平均工资,2450,元,TRUE
020,广州,2003,food,普通散装粳米,1.80,500g,TRUE
020,广州,2003,food,大豆油,36.00,5L,TRUE
020,广州,2003,food,猪肉精瘦肉,12.00,500g,TRUE
020,广州,2003,clothing,纯棉男士短袖 T 恤,62.0,件,TRUE
020,广州,2003,food,330ml 罐装国产经典啤酒,2.40,罐,FALSE
020,广州,2003,food,500ml 瓶装五粮液,420.0,瓶,FALSE
020,广州,2003,service,男士理发,26.00,次,TRUE
020,广州,2004,income,月平均工资,2750,元,TRUE
020,广州,2004,food,普通散装粳米,2.15,500g,TRUE
020,广州,2004,food,大豆油,50.00,5L,TRUE
020,广州,2004,food,猪肉精瘦肉,15.50,500g,TRUE
020,广州,2004,clothing,纯棉男士短袖 T 恤,65.0,件,TRUE
020,广州,2004,food,330ml 罐装国产经典啤酒,2.60,罐,FALSE
020,广州,2004,food,500ml 瓶装五粮液,450.0,瓶,FALSE
020,广州,2004,service,男士理发,28.00,次,TRUE
020,广州,2005,income,月平均工资,3050,元,TRUE
020,广州,2005,food,普通散装粳米,2.20,500g,TRUE
020,广州,2005,food,大豆油,48.00,5L,TRUE
020,广州,2005,food,猪肉精瘦肉,14.50,500g,TRUE
020,广州,2005,clothing,纯棉男士短袖 T 恤,68.0,件,TRUE
020,广州,2005,food,330ml 罐装国产经典啤酒,2.70,罐,FALSE
020,广州,2005,food,500ml 瓶装五粮液,480.0,瓶,FALSE
020,广州,2005,service,男士理发,30.00,次,TRUE
020,广州,2006,income,月平均工资,3450,元,TRUE
020,广州,2006,food,普通散装粳米,2.25,500g,TRUE
020,广州,2006,food,大豆油,52.00,5L,TRUE
020,广州,2006,food,猪肉精瘦肉,13.50,500g,TRUE
020,广州,2006,clothing,纯棉男士短袖 T 恤,70.0,件,TRUE
020,广州,2006,food,330ml 罐装国产经典啤酒,2.80,罐,FALSE
020,广州,2006,food,500ml 瓶装五粮液,520.0,瓶,FALSE
020,广州,2006,service,男士理发,32.00,次,TRUE
020,广州,2007,income,月平均工资,3850,元,TRUE
020,广州,2007,food,普通散装粳米,2.50,500g,TRUE
020,广州,2007,food,大豆油,65.00,5L,TRUE
020,广州,2007,food,猪肉精瘦肉,18.50,500g,TRUE
020,广州,2007,clothing,纯棉男士短袖 T 恤,75.0,件,TRUE
020,广州,2007,food,330ml 罐装国产经典啤酒,3.00,罐,FALSE
020,广州,2007,food,500ml 瓶装五粮液,580.0,瓶,FALSE
020,广州,2007,service,男士理发,35.00,次,TRUE
020,广州,2008,income,月平均工资,4350,元,TRUE
020,广州,2008,food,普通散装粳米,2.70,500g,TRUE
020,广州,2008,food,大豆油,82.00,5L,TRUE
020,广州,2008,food,猪肉精瘦肉,22.00,500g,TRUE
020,广州,2008,clothing,纯棉男士短袖 T 恤,80.0,件,TRUE
020,广州,2008,food,330ml 罐装国产经典啤酒,3.30,罐,FALSE
020,广州,2008,food,500ml 瓶装五粮液,650.0,瓶,FALSE
020,广州,2008,service,男士理发,38.00,次,TRUE
020,广州,2009,income,月平均工资,4750,元,TRUE
020,广州,2009,food,普通散装粳米,2.85,500g,TRUE
020,广州,2009,food,大豆油,62.00,5L,TRUE
020,广州,2009,food,猪肉精瘦肉,17.50,500g,TRUE
020,广州,2009,clothing,纯棉男士短袖 T 恤,80.0,件,TRUE
020,广州,2009,food,330ml 罐装国产经典啤酒,3.30,罐,FALSE
020,广州,2009,food,500ml 瓶装五粮液,720.0,瓶,FALSE
020,广州,2009,service,男士理发,40.00,次,TRUE
020,广州,2010,income,月平均工资,5250,元,TRUE
020,广州,2010,food,普通散装粳米,3.10,500g,TRUE
020,广州,2010,food,大豆油,68.00,5L,TRUE
020,广州,2010,food,猪肉精瘦肉,18.00,500g,TRUE
020,广州,2010,clothing,纯棉男士短袖 T 恤,85.0,件,TRUE
020,广州,2010,food,330ml 罐装国产经典啤酒,3.50,罐,FALSE
020,广州,2010,food,500ml 瓶装五粮液,850.0,瓶,FALSE
020,广州,2010,service,男士理发,42.00,次,TRUE
020,广州,2011,income,月平均工资,5850,元,TRUE
020,广州,2011,food,普通散装粳米,3.40,500g,TRUE
020,广州,2011,food,大豆油,75.00,5L,TRUE
020,广州,2011,food,猪肉精瘦肉,23.50,500g,TRUE
020,广州,2011,clothing,纯棉男士短袖 T 恤,90.0,件,TRUE
020,广州,2011,food,330ml 罐装国产经典啤酒,3.80,罐,FALSE
020,广州,2011,food,500ml 瓶装五粮液,1050.0,瓶,FALSE
020,广州,2011,service,男士理发,45.00,次,TRUE
020,广州,2012,income,月平均工资,6450,元,TRUE
020,广州,2012,food,普通散装粳米,3.55,500g,TRUE
020,广州,2012,food,大豆油,78.00,5L,TRUE
020,广州,2012,food,猪肉精瘦肉,22.00,500g,TRUE
020,广州,2012,clothing,纯棉男士短袖 T 恤,95.0,件,TRUE
020,广州,2012,food,330ml 罐装国产经典啤酒,3.80,罐,FALSE
020,广州,2012,food,500ml 瓶装五粮液,1200.0,瓶,FALSE
020,广州,2012,service,男士理发,48.00,次,TRUE
020,广州,2013,income,月平均工资,7050,元,TRUE
020,广州,2013,food,普通散装粳米,3.60,500g,TRUE
020,广州,2013,food,大豆油,76.00,5L,TRUE
020,广州,2013,food,猪肉精瘦肉,21.00,500g,TRUE
020,广州,2013,clothing,纯棉男士短袖 T 恤,100.0,件,TRUE
020,广州,2013,food,330ml 罐装国产经典啤酒,4.20,罐,FALSE
020,广州,2013,food,500ml 瓶装五粮液,1050.0,瓶,FALSE
020,广州,2013,service,男士理发,50.00,次,TRUE
020,广州,2014,income,月平均工资,7750,元,TRUE
020,广州,2014,food,普通散装粳米,3.65,500g,TRUE
020,广州,2014,food,大豆油,72.00,5L,TRUE
020,广州,2014,food,猪肉精瘦肉,20.00,500g,TRUE
020,广州,2014,clothing,纯棉男士短袖 T 恤,100.0,件,TRUE
020,广州,2014,food,330ml 罐装国产经典啤酒,4.50,罐,FALSE
020,广州,2014,food,500ml 瓶装五粮液,820.0,瓶,FALSE
020,广州,2014,service,男士理发,52.00,次,TRUE
020,广州,2015,income,月平均工资,8450,元,TRUE
020,广州,2015,food,普通散装粳米,3.70,500g,TRUE
020,广州,2015,food,大豆油,68.00,5L,TRUE
020,广州,2015,food,猪肉精瘦肉,22.00,500g,TRUE
020,广州,2015,clothing,纯棉男士短袖 T 恤,105.0,件,TRUE
020,广州,2015,food,330ml 罐装国产经典啤酒,4.50,罐,FALSE
020,广州,2015,food,500ml 瓶装五粮液,750.0,瓶,FALSE
020,广州,2015,service,男士理发,55.00,次,TRUE
020,广州,2016,income,月平均工资,9150,元,TRUE
020,广州,2016,food,普通散装粳米,3.75,500g,TRUE
020,广州,2016,food,大豆油,70.00,5L,TRUE
020,广州,2016,food,猪肉精瘦肉,25.50,500g,TRUE
020,广州,2016,clothing,纯棉男士短袖 T 恤,110.0,件,TRUE
020,广州,2016,food,330ml 罐装国产经典啤酒,4.80,罐,FALSE
020,广州,2016,food,500ml 瓶装五粮液,850.0,瓶,FALSE
020,广州,2016,service,男士理发,58.00,次,TRUE
020,广州,2017,income,月平均工资,9850,元,TRUE
020,广州,2017,food,普通散装粳米,3.80,500g,TRUE
020,广州,2017,food,大豆油,72.00,5L,TRUE
020,广州,2017,food,猪肉精瘦肉,23.50,500g,TRUE
020,广州,2017,clothing,纯棉男士短袖 T 恤,110.0,件,TRUE
020,广州,2017,food,330ml 罐装国产经典啤酒,5.00,罐,FALSE
020,广州,2017,food,500ml 瓶装五粮液,950.0,瓶,FALSE
020,广州,2017,service,男士理发,60.00,次,TRUE
020,广州,2018,income,月平均工资,10650,元,TRUE
020,广州,2018,food,普通散装粳米,3.85,500g,TRUE
020,广州,2018,food,大豆油,70.00,5L,TRUE
020,广州,2018,food,猪肉精瘦肉,22.00,500g,TRUE
020,广州,2018,clothing,纯棉男士短袖 T 恤,115.0,件,TRUE
020,广州,2018,food,330ml 罐装国产经典啤酒,5.20,罐,FALSE
020,广州,2018,food,500ml 瓶装五粮液,1050.0,瓶,FALSE
020,广州,2018,service,男士理发,65.00,次,TRUE
020,广州,2019,income,月平均工资,11250,元,TRUE
020,广州,2019,food,普通散装粳米,3.90,500g,TRUE
020,广州,2019,food,大豆油,74.00,5L,TRUE
020,广州,2019,food,猪肉精瘦肉,32.00,500g,TRUE
020,广州,2019,clothing,纯棉男士短袖 T 恤,115.0,件,TRUE
020,广州,2019,food,330ml 罐装国产经典啤酒,5.50,罐,FALSE
020,广州,2019,food,500ml 瓶装五粮液,1150.0,瓶,FALSE
020,广州,2019,service,男士理发,68.00,次,TRUE
020,广州,2020,income,月平均工资,11850,元,TRUE
020,广州,2020,food,普通散装粳米,4.00,500g,TRUE
020,广州,2020,food,大豆油,78.00,5L,TRUE
020,广州,2020,food,猪肉精瘦肉,38.00,500g,TRUE
020,广州,2020,clothing,纯棉男士短袖 T 恤,120.0,件,TRUE
020,广州,2020,food,330ml 罐装国产经典啤酒,5.80,罐,FALSE
020,广州,2020,food,500ml 瓶装五粮液,1250.0,瓶,FALSE
020,广州,2020,service,男士理发,70.00,次,TRUE
020,广州,2021,income,月平均工资,12350,元,TRUE
020,广州,2021,food,普通散装粳米,3.95,500g,TRUE
020,广州,2021,food,大豆油,82.00,5L,TRUE
020,广州,2021,food,猪肉精瘦肉,26.00,500g,TRUE
020,广州,2021,clothing,纯棉男士短袖 T 恤,120.0,件,TRUE
020,广州,2021,food,330ml 罐装国产经典啤酒,5.80,罐,FALSE
020,广州,2021,food,500ml 瓶装五粮液,1350.0,瓶,FALSE
020,广州,2021,service,男士理发,72.00,次,TRUE
020,广州,2022,income,月平均工资,12850,元,TRUE
020,广州,2022,food,普通散装粳米,4.10,500g,TRUE
020,广州,2022,food,大豆油,95.00,5L,TRUE
020,广州,2022,food,猪肉精瘦肉,28.00,500g,TRUE
020,广州,2022,clothing,纯棉男士短袖 T 恤,125.0,件,TRUE
020,广州,2022,food,330ml 罐装国产经典啤酒,6.00,罐,FALSE
020,广州,2022,food,500ml 瓶装五粮液,1400.0,瓶,FALSE
020,广州,2022,service,男士理发,75.00,次,TRUE
020,广州,2023,income,月平均工资,13250,元,TRUE
020,广州,2023,food,普通散装粳米,4.00,500g,TRUE
020,广州,2023,food,大豆油,85.00,5L,TRUE
020,广州,2023,food,猪肉精瘦肉,22.00,500g,TRUE
020,广州,2023,clothing,纯棉男士短袖 T 恤,120.0,件,TRUE
020,广州,2023,food,330ml 罐装国产经典啤酒,6.00,罐,FALSE
020,广州,2023,food,500ml 瓶装五粮液,1250.0,瓶,FALSE
020,广州,2023,service,男士理发,75.00,次,TRUE
020,广州,2024,income,月平均工资,13600,元,TRUE
020,广州,2024,food,普通散装粳米,3.85,500g,TRUE
020,广州,2024,food,大豆油,78.00,5L,TRUE
020,广州,2024,food,猪肉精瘦肉,20.00,500g,TRUE
020,广州,2024,clothing,纯棉男士短袖 T 恤,110.0,件,TRUE
020,广州,2024,food,330ml 罐装国产经典啤酒,5.50,罐,FALSE
020,广州,2024,food,500ml 瓶装五粮液,1150.0,瓶,FALSE
020,广州,2024,service,男士理发,70.00,次,TRUE
020,广州,2025,income,月平均工资,14100,元,TRUE
020,广州,2025,food,普通散装粳米,3.90,500g,TRUE
020,广州,2025,food,大豆油,80.00,5L,TRUE
020,广州,2025,food,猪肉精瘦肉,22.00,500g,TRUE
020,广州,2025,clothing,纯棉男士短袖 T 恤,115.0,件,TRUE
020,广州,2025,food,330ml 罐装国产经典啤酒,5.80,罐,FALSE
020,广州,2025,food,500ml 瓶装五粮液,1200.0,瓶,FALSE
020,广州,2025,service,男士理发,75.00,次,TRUE